Date,Region Code,Region Name,Total Hospitals,Total Beds,Public Hospitals,Beds in Public Hospitals,Non-Public Hospitals,Beds in Non-Public Hospitals,Other Hospitals,Beds in Other Hospitals
31.12.2022,5.0,Nordrhein-Westfalen,333,112862,75,33326,53,10858,205,68678
31.12.2022,51.0,"  Düsseldorf, Regierungsbezirk",95,33068,16,6623,17,6517,62,19928
31.12.2022,5111.0,"    Düsseldorf, krfr. Stadt",13,4216,2,1503,4,657,7,2056
31.12.2022,5112.0,"    Duisburg, krfr. Stadt",7,4283,2,1503,3,2030,4,2253
31.12.2022,5113.0,"    Essen, krfr. Stadt",11,4788,3,1526,1,19,7,3243
31.12.2022,5114.0,"    Krefeld, krfr. Stadt",4,1977,3,1526,2,1274,2,703
31.12.2022,5116.0,"    Mönchengladbach, krfr. Stadt",5,1892,2,724,2,1274,3,1168
31.12.2022,5117.0,"    Mülheim an der Ruhr, krfr. Stadt",2,797,2,724,2,1274,2,797
31.12.2022,5119.0,"    Oberhausen, krfr. Stadt",3,1120,2,724,1,199,2,921
31.12.2022,5120.0,"    Remscheid, krfr. Stadt",3,1018,2,724,1,430,2,588
31.12.2022,5122.0,"    Solingen, krfr. Stadt",4,843,1,465,1,430,3,378
31.12.2022,5124.0,"    Wuppertal, krfr. Stadt",4,2133,1,465,1,1016,3,1117
31.12.2022,5154.0,"    Kleve, Kreis",7,1685,1,312,1,1016,6,1373
31.12.2022,5158.0,"    Mettmann, Kreis",11,2136,1,350,3,635,7,1151
31.12.2022,5162.0,    Rhein-Kreis Neuss,8,2024,3,1157,3,635,5,867
31.12.2022,5166.0,"    Viersen, Kreis",6,1373,3,586,1,257,2,530
31.12.2022,5170.0,"    Wesel, Kreis",7,2783,3,586,1,257,7,2783
31.12.2022,53.0,"  Köln, Regierungsbezirk",80,24876,18,10402,16,2191,46,12283
31.12.2022,5313.0,"    Aachen, krfr. Stadt",80,24876,18,10402,16,2191,46,12283
31.12.2022,5314.0,"    Bonn, krfr. Stadt",10,4264,2,2043,3,503,5,1718
31.12.2022,5315.0,"    Köln, krfr. Stadt",23,6860,6,2877,1,85,16,3898
31.12.2022,5316.0,"    Leverkusen, krfr. Stadt",2,877,1,598,1,85,1,279
31.12.2022,5334.0,    Städteregion Aachen (einschl. Stadt Aachen),8,3682,2,1989,2,444,4,1249
31.12.2022,5354.0,"    Aachen, Kreis",8,3682,2,1989,2,444,4,1249
31.12.2022,5358.0,"    Düren, Kreis",6,1808,2,874,2,444,4,934
31.12.2022,5362.0,    Rhein-Erft-Kreis,7,1239,2,874,2,176,5,1063
31.12.2022,5366.0,"    Euskirchen, Kreis",4,1193,1,617,1,21,2,555
31.12.2022,5370.0,"    Heinsberg, Kreis",4,1002,1,215,1,21,3,787
31.12.2022,5374.0,    Oberbergischer Kreis,6,1516,1,942,4,331,1,243
31.12.2022,5378.0,    Rheinisch-Bergischer Kreis,4,1148,2,247,4,331,2,901
31.12.2022,5382.0,    Rhein-Sieg-Kreis,6,1287,2,247,3,631,3,656
31.12.2022,55.0,"  Münster, Regierungsbezirk",47,16550,9,2977,2,171,36,13402
31.12.2022,5512.0,"    Bottrop, krfr. Stadt",3,692,1,382,1,171,1,310
31.12.2022,5513.0,"    Gelsenkirchen, krfr. Stadt",6,2287,1,342,1,171,5,1945
31.12.2022,5515.0,"    Münster, krfr. Stadt",8,3388,2,1380,1,171,6,2008
31.12.2022,5554.0,"    Borken, Kreis",4,1893,2,1380,1,171,4,1893
31.12.2022,5558.0,"    Coesfeld, Kreis",3,940,2,1380,1,171,3,940
31.12.2022,5562.0,"    Recklinghausen, Kreis",10,3993,2,297,1,171,8,3696
31.12.2022,5566.0,"    Steinfurt, Kreis",7,2057,2,576,1,171,4,1310
31.12.2022,5570.0,"    Warendorf, Kreis",6,1300,1,576,1,171,5,1300
31.12.2022,57.0,"  Detmold, Regierungsbezirk",31,11982,13,6131,7,548,11,5303
31.12.2022,5711.0,"    Bielefeld, krfr. Stadt",5,3269,1,1112,1,15,3,2142
31.12.2022,5754.0,"    Gütersloh, Kreis",3,1324,2,743,1,15,1,581
31.12.2022,5758.0,"    Herford, Kreis",3,1123,1,755,1,15,2,368
31.12.2022,5762.0,"    Höxter, Kreis",2,979,1,755,1,139,1,840
31.12.2022,5766.0,"    Lippe, Kreis",5,1387,3,1206,2,181,1,840
31.12.2022,5770.0,"    Minden-Lübbecke, Kreis",8,2149,4,1906,3,213,1,30
31.12.2022,5774.0,"    Paderborn, Kreis",5,1751,2,409,3,213,3,1342
31.12.2022,59.0,"  Arnsberg, Regierungsbezirk",80,26386,19,7193,11,1431,50,17762
31.12.2022,5911.0,"    Bochum, krfr. Stadt",7,3594,3,1198,2,85,2,2311
31.12.2022,5913.0,"    Dortmund, krfr. Stadt",9,3929,4,2228,2,85,5,1701
31.12.2022,5914.0,"    Hagen, krfr. Stadt",4,1537,4,2228,1,80,3,1457
31.12.2022,5915.0,"    Hamm, krfr. Stadt",5,1681,1,110,1,80,4,1571
31.12.2022,5916.0,"    Herne, krfr. Stadt",5,1635,1,110,1,80,5,1635
31.12.2022,5954.0,    Ennepe-Ruhr-Kreis,6,1683,1,110,1,401,5,1282
31.12.2022,5958.0,    Hochsauerlandkreis,10,2133,3,393,1,54,6,1686
31.12.2022,5962.0,    Märkischer Kreis,10,2480,3,1158,3,280,4,1042
31.12.2022,5966.0,"    Olpe, Kreis",2,799,3,1158,1,268,1,531
31.12.2022,5970.0,"    Siegen-Wittgenstein, Kreis",6,2069,1,599,1,127,4,1343
31.12.2022,5974.0,"    Soest, Kreis",9,2120,3,672,1,136,5,1312
31.12.2022,5978.0,"    Unna, Kreis",7,2726,1,835,1,136,6,1891
31.12.2021,5.0,Nordrhein-Westfalen,335,114156,75,34267,51,11049,209,68840
31.12.2021,51.0,"  Düsseldorf, Regierungsbezirk",95,33925,16,6961,17,6828,62,20136
31.12.2021,5111.0,"    Düsseldorf, krfr. Stadt",13,4521,2,1668,4,766,7,2087
31.12.2021,5112.0,"    Duisburg, krfr. Stadt",7,4360,2,1668,3,2203,4,2157
31.12.2021,5113.0,"    Essen, krfr. Stadt",11,4947,3,1593,1,19,7,3335
31.12.2021,5114.0,"    Krefeld, krfr. Stadt",4,2009,3,1593,2,1306,2,703
31.12.2021,5116.0,"    Mönchengladbach, krfr. Stadt",5,1991,2,786,2,1306,3,1205
31.12.2021,5117.0,"    Mülheim an der Ruhr, krfr. Stadt",2,771,2,786,2,1306,2,771
31.12.2021,5119.0,"    Oberhausen, krfr. Stadt",3,1211,2,786,1,199,2,1012
31.12.2021,5120.0,"    Remscheid, krfr. Stadt",3,1009,2,786,1,431,2,578
31.12.2021,5122.0,"    Solingen, krfr. Stadt",4,905,1,479,1,431,3,426
31.12.2021,5124.0,"    Wuppertal, krfr. Stadt",4,2124,1,479,1,996,3,1128
31.12.2021,5154.0,"    Kleve, Kreis",7,1685,1,312,1,996,6,1373
31.12.2021,5158.0,"    Mettmann, Kreis",11,2221,1,380,3,654,7,1187
31.12.2021,5162.0,    Rhein-Kreis Neuss,8,2040,3,1157,3,654,5,883
31.12.2021,5166.0,"    Viersen, Kreis",6,1343,3,586,1,254,2,503
31.12.2021,5170.0,"    Wesel, Kreis",7,2788,3,586,1,254,7,2788
31.12.2021,53.0,"  Köln, Regierungsbezirk",80,24988,18,10503,15,2135,47,12350
31.12.2021,5313.0,"    Aachen, krfr. Stadt",80,24988,18,10503,15,2135,47,12350
31.12.2021,5314.0,"    Bonn, krfr. Stadt",10,4207,2,2053,3,470,5,1684
31.12.2021,5315.0,"    Köln, krfr. Stadt",23,6923,6,2954,1,85,16,3884
31.12.2021,5316.0,"    Leverkusen, krfr. Stadt",2,915,1,569,1,85,1,346
31.12.2021,5334.0,    Städteregion Aachen (einschl. Stadt Aachen),8,3638,2,2061,2,444,4,1133
31.12.2021,5354.0,"    Aachen, Kreis",8,3638,2,2061,2,444,4,1133
31.12.2021,5358.0,"    Düren, Kreis",6,1808,2,874,2,444,4,934
31.12.2021,5362.0,    Rhein-Erft-Kreis,8,1333,2,874,2,189,6,1144
31.12.2021,5366.0,"    Euskirchen, Kreis",3,1221,1,617,2,189,2,604
31.12.2021,5370.0,"    Heinsberg, Kreis",4,974,1,187,2,189,3,787
31.12.2021,5374.0,    Oberbergischer Kreis,6,1495,1,941,4,311,1,243
31.12.2021,5378.0,    Rheinisch-Bergischer Kreis,4,1184,2,247,4,311,2,937
31.12.2021,5382.0,    Rhein-Sieg-Kreis,6,1290,2,247,3,636,3,654
31.12.2021,55.0,"  Münster, Regierungsbezirk",49,16738,9,3203,2,171,38,13364
31.12.2021,5512.0,"    Bottrop, krfr. Stadt",3,702,1,382,1,171,1,320
31.12.2021,5513.0,"    Gelsenkirchen, krfr. Stadt",6,2263,1,342,1,171,5,1921
31.12.2021,5515.0,"    Münster, krfr. Stadt",8,3654,2,1606,1,171,6,2048
31.12.2021,5554.0,"    Borken, Kreis",6,1894,2,1606,1,171,6,1894
31.12.2021,5558.0,"    Coesfeld, Kreis",3,945,2,1606,1,171,3,945
31.12.2021,5562.0,"    Recklinghausen, Kreis",10,3989,2,297,1,171,8,3692
31.12.2021,5566.0,"    Steinfurt, Kreis",7,2003,2,576,1,171,4,1256
31.12.2021,5570.0,"    Warendorf, Kreis",6,1288,1,576,1,171,5,1288
31.12.2021,57.0,"  Detmold, Regierungsbezirk",31,12150,13,6214,7,557,11,5379
31.12.2021,5711.0,"    Bielefeld, krfr. Stadt",5,3281,1,1126,1,13,3,2142
31.12.2021,5754.0,"    Gütersloh, Kreis",3,1324,2,743,1,13,1,581
31.12.2021,5758.0,"    Herford, Kreis",3,1109,1,755,1,13,2,354
31.12.2021,5762.0,"    Höxter, Kreis",2,1040,1,755,1,139,1,901
31.12.2021,5766.0,"    Lippe, Kreis",5,1387,3,1206,2,181,1,901
31.12.2021,5770.0,"    Minden-Lübbecke, Kreis",8,2229,4,1975,3,224,1,30
31.12.2021,5774.0,"    Paderborn, Kreis",5,1780,2,409,3,224,3,1371
31.12.2021,59.0,"  Arnsberg, Regierungsbezirk",80,26355,19,7386,10,1358,51,17611
31.12.2021,5911.0,"    Bochum, krfr. Stadt",7,3445,3,1216,1,43,3,2186
31.12.2021,5913.0,"    Dortmund, krfr. Stadt",9,3918,4,2203,1,43,5,1715
31.12.2021,5914.0,"    Hagen, krfr. Stadt",4,1542,4,2203,1,80,3,1462
31.12.2021,5915.0,"    Hamm, krfr. Stadt",5,1744,1,110,1,80,4,1634
31.12.2021,5916.0,"    Herne, krfr. Stadt",5,1613,1,110,1,80,5,1613
31.12.2021,5954.0,    Ennepe-Ruhr-Kreis,6,1639,1,110,1,367,5,1272
31.12.2021,5958.0,    Hochsauerlandkreis,10,2141,3,414,1,54,6,1673
31.12.2021,5962.0,    Märkischer Kreis,10,2611,3,1294,3,280,4,1037
31.12.2021,5966.0,"    Olpe, Kreis",2,854,3,1294,1,303,1,551
31.12.2021,5970.0,"    Siegen-Wittgenstein, Kreis",6,2086,1,614,1,127,4,1345
31.12.2021,5974.0,"    Soest, Kreis",9,2058,3,736,1,104,5,1218
31.12.2021,5978.0,"    Unna, Kreis",7,2704,1,799,1,104,6,1905
31.12.2020,5.0,Nordrhein-Westfalen,337,114917,77,34849,49,11010,211,69058
31.12.2020,51.0,"  Düsseldorf, Regierungsbezirk",96,34323,18,7402,17,7066,61,19855
31.12.2020,5111.0,"    Düsseldorf, krfr. Stadt",13,4764,2,1699,4,766,7,2299
31.12.2020,5112.0,"    Duisburg, krfr. Stadt",7,4412,1,342,3,2187,3,1883
31.12.2020,5113.0,"    Essen, krfr. Stadt",11,4846,3,1583,1,19,7,3244
31.12.2020,5114.0,"    Krefeld, krfr. Stadt",4,2031,3,1583,2,1328,2,703
31.12.2020,5116.0,"    Mönchengladbach, krfr. Stadt",5,2054,2,781,2,1328,3,1273
31.12.2020,5117.0,"    Mülheim an der Ruhr, krfr. Stadt",2,864,2,781,2,1328,2,864
31.12.2020,5119.0,"    Oberhausen, krfr. Stadt",3,1256,2,781,1,458,2,798
31.12.2020,5120.0,"    Remscheid, krfr. Stadt",3,987,2,781,1,426,2,561
31.12.2020,5122.0,"    Solingen, krfr. Stadt",4,907,1,481,1,426,3,426
31.12.2020,5124.0,"    Wuppertal, krfr. Stadt",4,2103,1,481,1,989,3,1114
31.12.2020,5154.0,"    Kleve, Kreis",7,1654,1,288,1,989,6,1366
31.12.2020,5158.0,"    Mettmann, Kreis",11,2233,1,392,3,654,7,1187
31.12.2020,5162.0,    Rhein-Kreis Neuss,8,2043,3,1150,3,654,5,893
31.12.2020,5166.0,"    Viersen, Kreis",7,1421,4,686,1,239,2,496
31.12.2020,5170.0,"    Wesel, Kreis",7,2748,4,686,1,239,7,2748
31.12.2020,53.0,"  Köln, Regierungsbezirk",79,25255,17,10557,14,1820,48,12878
31.12.2020,5313.0,"    Aachen, krfr. Stadt",79,25255,17,10557,14,1820,48,12878
31.12.2020,5314.0,"    Bonn, krfr. Stadt",10,4227,2,1956,3,503,5,1768
31.12.2020,5315.0,"    Köln, krfr. Stadt",22,6930,5,2989,1,85,16,3856
31.12.2020,5316.0,"    Leverkusen, krfr. Stadt",2,968,1,622,1,85,1,346
31.12.2020,5334.0,    Städteregion Aachen (einschl. Stadt Aachen),8,3822,2,2148,1,125,5,1549
31.12.2020,5354.0,"    Aachen, Kreis",8,3822,2,2148,1,125,5,1549
31.12.2020,5358.0,"    Düren, Kreis",6,1811,2,874,1,125,4,937
31.12.2020,5362.0,    Rhein-Erft-Kreis,8,1377,2,874,2,189,6,1188
31.12.2020,5366.0,"    Euskirchen, Kreis",3,1214,1,605,2,189,2,609
31.12.2020,5370.0,"    Heinsberg, Kreis",4,974,1,187,2,189,3,787
31.12.2020,5374.0,    Oberbergischer Kreis,6,1516,1,941,4,312,1,263
31.12.2020,5378.0,    Rheinisch-Bergischer Kreis,4,1168,2,235,4,312,2,933
31.12.2020,5382.0,    Rhein-Sieg-Kreis,6,1248,2,235,3,606,3,642
31.12.2020,55.0,"  Münster, Regierungsbezirk",49,16839,8,3285,2,171,39,13383
31.12.2020,5512.0,"    Bottrop, krfr. Stadt",3,711,1,382,1,171,1,329
31.12.2020,5513.0,"    Gelsenkirchen, krfr. Stadt",6,2289,1,344,1,171,5,1945
31.12.2020,5515.0,"    Münster, krfr. Stadt",8,3695,2,1645,1,171,6,2050
31.12.2020,5554.0,"    Borken, Kreis",6,1953,2,1645,1,171,6,1953
31.12.2020,5558.0,"    Coesfeld, Kreis",3,834,2,1645,1,171,3,834
31.12.2020,5562.0,"    Recklinghausen, Kreis",10,4005,2,593,1,171,8,3412
31.12.2020,5566.0,"    Steinfurt, Kreis",7,2054,1,321,1,171,5,1562
31.12.2020,5570.0,"    Warendorf, Kreis",6,1298,1,321,1,171,5,1298
31.12.2020,57.0,"  Detmold, Regierungsbezirk",31,12024,14,6207,6,452,11,5365
31.12.2020,5711.0,"    Bielefeld, krfr. Stadt",5,3240,1,1088,1,13,3,2139
31.12.2020,5754.0,"    Gütersloh, Kreis",3,1324,2,743,1,13,1,581
31.12.2020,5758.0,"    Herford, Kreis",3,1034,1,690,1,13,2,344
31.12.2020,5762.0,"    Höxter, Kreis",2,1052,1,690,1,139,1,913
31.12.2020,5766.0,"    Lippe, Kreis",5,1387,3,1206,2,181,1,913
31.12.2020,5770.0,"    Minden-Lübbecke, Kreis",8,2220,5,2071,2,119,1,30
31.12.2020,5774.0,"    Paderborn, Kreis",5,1767,2,409,2,119,3,1358
31.12.2020,59.0,"  Arnsberg, Regierungsbezirk",82,26476,20,7398,10,1501,52,17577
31.12.2020,5911.0,"    Bochum, krfr. Stadt",7,3473,3,1139,1,161,3,2173
31.12.2020,5913.0,"    Dortmund, krfr. Stadt",10,3969,5,2342,1,161,5,1627
31.12.2020,5914.0,"    Hagen, krfr. Stadt",4,1510,5,2342,1,80,3,1430
31.12.2020,5915.0,"    Hamm, krfr. Stadt",5,1745,1,110,1,80,4,1635
31.12.2020,5916.0,"    Herne, krfr. Stadt",5,1619,1,110,1,80,5,1619
31.12.2020,5954.0,    Ennepe-Ruhr-Kreis,6,1575,1,110,1,367,5,1208
31.12.2020,5958.0,    Hochsauerlandkreis,10,2102,3,397,1,54,6,1651
31.12.2020,5962.0,    Märkischer Kreis,10,2670,3,1260,3,307,4,1103
31.12.2020,5966.0,"    Olpe, Kreis",2,856,3,1260,1,301,1,555
31.12.2020,5970.0,"    Siegen-Wittgenstein, Kreis",6,2196,1,618,1,127,4,1451
31.12.2020,5974.0,"    Soest, Kreis",9,2053,3,733,1,104,5,1216
31.12.2020,5978.0,"    Unna, Kreis",8,2708,1,799,1,104,7,1909
31.12.2019,5.0,Nordrhein-Westfalen,341,117869,76,36335,43,9195,222,72339
31.12.2019,51.0,"  Düsseldorf, Regierungsbezirk",94,35779,17,7943,15,6106,62,21730
31.12.2019,5111.0,"    Düsseldorf, krfr. Stadt",13,4848,2,1701,4,811,7,2336
31.12.2019,5112.0,"    Duisburg, krfr. Stadt",7,4504,1,342,2,1635,4,2527
31.12.2019,5113.0,"    Essen, krfr. Stadt",11,5589,3,1812,1,19,7,3758
31.12.2019,5114.0,"    Krefeld, krfr. Stadt",4,2031,3,1812,1,1066,3,965
31.12.2019,5116.0,"    Mönchengladbach, krfr. Stadt",5,2197,2,783,1,1066,3,1414
31.12.2019,5117.0,"    Mülheim an der Ruhr, krfr. Stadt",2,876,2,783,1,1066,2,876
31.12.2019,5119.0,"    Oberhausen, krfr. Stadt",3,1385,2,783,1,218,2,1167
31.12.2019,5120.0,"    Remscheid, krfr. Stadt",3,1004,2,783,1,439,2,565
31.12.2019,5122.0,"    Solingen, krfr. Stadt",4,932,1,506,1,439,3,426
31.12.2019,5124.0,"    Wuppertal, krfr. Stadt",3,2081,1,506,1,1051,2,1030
31.12.2019,5154.0,"    Kleve, Kreis",7,1760,1,403,1,1051,6,1357
31.12.2019,5158.0,"    Mettmann, Kreis",11,2241,1,467,3,587,7,1187
31.12.2019,5162.0,    Rhein-Kreis Neuss,7,1985,2,1113,3,587,5,872
31.12.2019,5166.0,"    Viersen, Kreis",7,1582,4,816,1,280,2,486
31.12.2019,5170.0,"    Wesel, Kreis",7,2764,4,816,1,280,7,2764
31.12.2019,53.0,"  Köln, Regierungsbezirk",79,25900,18,11299,10,1145,51,13456
31.12.2019,5313.0,"    Aachen, krfr. Stadt",79,25900,18,11299,10,1145,51,13456
31.12.2019,5314.0,"    Bonn, krfr. Stadt",9,4523,2,2115,2,89,5,2319
31.12.2019,5315.0,"    Köln, krfr. Stadt",22,7119,6,3651,2,89,16,3468
31.12.2019,5316.0,"    Leverkusen, krfr. Stadt",2,1001,1,655,2,89,1,346
31.12.2019,5334.0,    Städteregion Aachen (einschl. Stadt Aachen),9,3786,2,1976,1,125,6,1685
31.12.2019,5354.0,"    Aachen, Kreis",9,3786,2,1976,1,125,6,1685
31.12.2019,5358.0,"    Düren, Kreis",6,1930,2,988,1,125,4,942
31.12.2019,5362.0,    Rhein-Erft-Kreis,8,1410,2,988,2,189,6,1221
31.12.2019,5366.0,"    Euskirchen, Kreis",3,1133,1,523,2,189,2,610
31.12.2019,5370.0,"    Heinsberg, Kreis",4,964,1,187,2,189,3,777
31.12.2019,5374.0,    Oberbergischer Kreis,6,1608,1,969,3,234,2,405
31.12.2019,5378.0,    Rheinisch-Bergischer Kreis,4,1169,2,235,3,234,2,934
31.12.2019,5382.0,    Rhein-Sieg-Kreis,6,1257,2,235,2,508,4,749
31.12.2019,55.0,"  Münster, Regierungsbezirk",52,17192,7,3451,2,171,43,13570
31.12.2019,5512.0,"    Bottrop, krfr. Stadt",2,684,7,3451,2,171,2,684
31.12.2019,5513.0,"    Gelsenkirchen, krfr. Stadt",5,1803,1,380,2,171,4,1423
31.12.2019,5515.0,"    Münster, krfr. Stadt",9,3753,2,1685,2,171,7,2068
31.12.2019,5554.0,"    Borken, Kreis",7,2014,2,1685,2,171,7,2014
31.12.2019,5558.0,"    Coesfeld, Kreis",3,916,2,1685,2,171,3,916
31.12.2019,5562.0,"    Recklinghausen, Kreis",12,4526,3,1065,2,171,9,3461
31.12.2019,5566.0,"    Steinfurt, Kreis",8,2125,1,321,1,171,6,1633
31.12.2019,5570.0,"    Warendorf, Kreis",6,1371,1,321,1,171,5,1371
31.12.2019,57.0,"  Detmold, Regierungsbezirk",32,12313,12,5940,8,490,12,5883
31.12.2019,5711.0,"    Bielefeld, krfr. Stadt",5,3251,1,1104,1,17,3,2130
31.12.2019,5754.0,"    Gütersloh, Kreis",3,1329,2,745,1,17,1,584
31.12.2019,5758.0,"    Herford, Kreis",3,1143,1,799,1,17,2,344
31.12.2019,5762.0,"    Höxter, Kreis",2,1025,1,799,1,139,1,886
31.12.2019,5766.0,"    Lippe, Kreis",6,1417,2,1206,4,211,1,886
31.12.2019,5770.0,"    Minden-Lübbecke, Kreis",8,2298,4,1658,2,123,2,517
31.12.2019,5774.0,"    Paderborn, Kreis",5,1850,2,428,2,123,3,1422
31.12.2019,59.0,"  Arnsberg, Regierungsbezirk",84,26685,22,7702,8,1283,54,17700
31.12.2019,5911.0,"    Bochum, krfr. Stadt",7,3238,3,1137,1,161,3,1940
31.12.2019,5913.0,"    Dortmund, krfr. Stadt",10,3948,5,2342,1,161,5,1606
31.12.2019,5914.0,"    Hagen, krfr. Stadt",4,1481,5,2342,1,80,3,1401
31.12.2019,5915.0,"    Hamm, krfr. Stadt",5,1751,1,110,1,80,4,1641
31.12.2019,5916.0,"    Herne, krfr. Stadt",5,1632,1,110,1,80,5,1632
31.12.2019,5954.0,    Ennepe-Ruhr-Kreis,7,1869,1,110,1,401,6,1468
31.12.2019,5958.0,    Hochsauerlandkreis,10,2138,3,433,1,54,6,1651
31.12.2019,5962.0,    Märkischer Kreis,11,2795,5,1527,2,162,4,1106
31.12.2019,5966.0,"    Olpe, Kreis",2,851,5,1527,1,301,1,550
31.12.2019,5970.0,"    Siegen-Wittgenstein, Kreis",6,2196,1,618,1,124,4,1454
31.12.2019,5974.0,"    Soest, Kreis",9,2096,3,736,1,124,6,1360
31.12.2019,5978.0,"    Unna, Kreis",8,2690,1,799,1,124,7,1891
31.12.2018,5.0,Nordrhein-Westfalen,345,119595,78,38218,42,9131,225,72246
31.12.2018,51.0,"  Düsseldorf, Regierungsbezirk",97,36323,18,8330,15,6225,64,21768
31.12.2018,5111.0,"    Düsseldorf, krfr. Stadt",13,5014,2,1831,4,808,7,2375
31.12.2018,5112.0,"    Duisburg, krfr. Stadt",8,4597,1,332,2,1676,5,2589
31.12.2018,5113.0,"    Essen, krfr. Stadt",12,5593,3,1795,1,19,8,3779
31.12.2018,5114.0,"    Krefeld, krfr. Stadt",4,2118,3,1795,1,1170,3,948
31.12.2018,5116.0,"    Mönchengladbach, krfr. Stadt",5,2197,2,783,1,1170,3,1414
31.12.2018,5117.0,"    Mülheim an der Ruhr, krfr. Stadt",2,955,2,783,1,1170,2,955
31.12.2018,5119.0,"    Oberhausen, krfr. Stadt",3,1466,2,783,1,199,2,1267
31.12.2018,5120.0,"    Remscheid, krfr. Stadt",3,1024,2,783,1,454,2,570
31.12.2018,5122.0,"    Solingen, krfr. Stadt",4,1026,1,600,1,454,3,426
31.12.2018,5124.0,"    Wuppertal, krfr. Stadt",3,2074,1,600,1,1051,2,1023
31.12.2018,5154.0,"    Kleve, Kreis",7,1763,1,403,1,1051,6,1360
31.12.2018,5158.0,"    Mettmann, Kreis",11,2154,1,364,3,587,7,1203
31.12.2018,5162.0,    Rhein-Kreis Neuss,8,2245,3,1382,3,587,5,863
31.12.2018,5166.0,"    Viersen, Kreis",7,1564,4,840,1,261,2,463
31.12.2018,5170.0,"    Wesel, Kreis",7,2533,4,840,1,261,7,2533
31.12.2018,53.0,"  Köln, Regierungsbezirk",79,26139,18,11367,10,1143,51,13629
31.12.2018,5313.0,"    Aachen, krfr. Stadt",79,26139,18,11367,10,1143,51,13629
31.12.2018,5314.0,"    Bonn, krfr. Stadt",9,4599,2,2100,2,89,5,2410
31.12.2018,5315.0,"    Köln, krfr. Stadt",22,7048,6,3547,2,89,16,3501
31.12.2018,5316.0,"    Leverkusen, krfr. Stadt",2,1097,1,740,2,89,1,357
31.12.2018,5334.0,    Städteregion Aachen (einschl. Stadt Aachen),9,3903,2,2072,1,125,6,1706
31.12.2018,5354.0,"    Aachen, Kreis",9,3903,2,2072,1,125,6,1706
31.12.2018,5358.0,"    Düren, Kreis",6,1922,2,980,1,125,4,942
31.12.2018,5362.0,    Rhein-Erft-Kreis,8,1455,2,980,2,187,6,1268
31.12.2018,5366.0,"    Euskirchen, Kreis",3,1123,1,513,2,187,2,610
31.12.2018,5370.0,"    Heinsberg, Kreis",4,970,1,187,2,187,3,783
31.12.2018,5374.0,    Oberbergischer Kreis,6,1602,1,963,3,234,2,405
31.12.2018,5378.0,    Rheinisch-Bergischer Kreis,4,1169,2,265,3,234,2,904
31.12.2018,5382.0,    Rhein-Sieg-Kreis,6,1251,2,265,2,508,4,743
31.12.2018,55.0,"  Münster, Regierungsbezirk",52,17516,7,3467,1,508,44,14049
31.12.2018,5512.0,"    Bottrop, krfr. Stadt",2,734,7,3467,1,508,2,734
31.12.2018,5513.0,"    Gelsenkirchen, krfr. Stadt",5,1885,1,380,1,508,4,1505
31.12.2018,5515.0,"    Münster, krfr. Stadt",9,3750,2,1666,1,508,7,2084
31.12.2018,5554.0,"    Borken, Kreis",7,2026,2,1666,1,508,7,2026
31.12.2018,5558.0,"    Coesfeld, Kreis",3,893,2,1666,1,508,3,893
31.12.2018,5562.0,"    Recklinghausen, Kreis",12,4695,3,1065,1,508,9,3630
31.12.2018,5566.0,"    Steinfurt, Kreis",8,2128,1,356,1,508,7,1772
31.12.2018,5570.0,"    Warendorf, Kreis",6,1405,1,356,1,508,5,1405
31.12.2018,57.0,"  Detmold, Regierungsbezirk",32,12794,12,6478,8,478,12,5838
31.12.2018,5711.0,"    Bielefeld, krfr. Stadt",5,3707,1,1627,1,13,3,2067
31.12.2018,5754.0,"    Gütersloh, Kreis",3,1341,2,745,1,13,1,596
31.12.2018,5758.0,"    Herford, Kreis",3,1142,1,798,1,13,2,344
31.12.2018,5762.0,"    Höxter, Kreis",2,1031,1,798,1,139,1,892
31.12.2018,5766.0,"    Lippe, Kreis",6,1407,2,1206,4,201,1,892
31.12.2018,5770.0,"    Minden-Lübbecke, Kreis",8,2320,4,1678,2,125,2,517
31.12.2018,5774.0,"    Paderborn, Kreis",5,1846,2,424,2,125,3,1422
31.12.2018,59.0,"  Arnsberg, Regierungsbezirk",85,26823,23,8576,8,1285,54,16962
31.12.2018,5911.0,"    Bochum, krfr. Stadt",7,3305,3,1209,1,160,3,1936
31.12.2018,5913.0,"    Dortmund, krfr. Stadt",11,3834,5,2217,1,160,6,1617
31.12.2018,5914.0,"    Hagen, krfr. Stadt",4,1620,5,2217,1,80,3,1540
31.12.2018,5915.0,"    Hamm, krfr. Stadt",5,1769,1,110,1,80,4,1659
31.12.2018,5916.0,"    Herne, krfr. Stadt",5,1673,1,110,1,80,5,1673
31.12.2018,5954.0,    Ennepe-Ruhr-Kreis,7,1895,1,110,1,401,6,1494
31.12.2018,5958.0,    Hochsauerlandkreis,10,2081,4,1327,1,54,5,700
31.12.2018,5962.0,    Märkischer Kreis,11,2856,5,1597,2,162,4,1097
31.12.2018,5966.0,"    Olpe, Kreis",2,847,5,1597,1,301,1,546
31.12.2018,5970.0,"    Siegen-Wittgenstein, Kreis",6,2185,1,585,1,127,4,1473
31.12.2018,5974.0,"    Soest, Kreis",9,2096,3,736,1,127,6,1360
31.12.2018,5978.0,"    Unna, Kreis",8,2662,1,795,1,127,7,1867
31.12.2017,5.0,Nordrhein-Westfalen,344,118506,78,36722,38,9245,228,72539
31.12.2017,51.0,"  Düsseldorf, Regierungsbezirk",96,35930,18,7617,15,6349,63,21964
31.12.2017,5111.0,"    Düsseldorf, krfr. Stadt",13,5017,2,1661,4,815,7,2541
31.12.2017,5112.0,"    Duisburg, krfr. Stadt",8,4634,1,324,2,1686,5,2624
31.12.2017,5113.0,"    Essen, krfr. Stadt",12,5681,3,1746,1,18,8,3917
31.12.2017,5114.0,"    Krefeld, krfr. Stadt",4,2078,3,1746,1,1171,3,907
31.12.2017,5116.0,"    Mönchengladbach, krfr. Stadt",5,2131,2,717,1,1171,3,1414
31.12.2017,5117.0,"    Mülheim an der Ruhr, krfr. Stadt",2,932,2,717,1,1171,2,932
31.12.2017,5119.0,"    Oberhausen, krfr. Stadt",3,1456,2,717,1,203,2,1253
31.12.2017,5120.0,"    Remscheid, krfr. Stadt",3,1020,2,717,1,460,2,560
31.12.2017,5122.0,"    Solingen, krfr. Stadt",4,1046,1,631,1,460,3,415
31.12.2017,5124.0,"    Wuppertal, krfr. Stadt",3,2070,1,631,1,1090,2,980
31.12.2017,5154.0,"    Kleve, Kreis",7,1689,1,305,1,1090,6,1384
31.12.2017,5158.0,"    Mettmann, Kreis",11,2240,1,394,3,650,7,1196
31.12.2017,5162.0,    Rhein-Kreis Neuss,7,1983,3,1147,3,650,4,836
31.12.2017,5166.0,"    Viersen, Kreis",7,1413,4,692,1,256,2,465
31.12.2017,5170.0,"    Wesel, Kreis",7,2540,4,692,1,256,7,2540
31.12.2017,53.0,"  Köln, Regierungsbezirk",79,25594,18,11125,8,1143,53,13326
31.12.2017,5313.0,"    Aachen, krfr. Stadt",79,25594,18,11125,8,1143,53,13326
31.12.2017,5314.0,"    Bonn, krfr. Stadt",9,4149,2,1966,2,110,5,2073
31.12.2017,5315.0,"    Köln, krfr. Stadt",22,7083,6,3650,2,110,16,3433
31.12.2017,5316.0,"    Leverkusen, krfr. Stadt",2,1086,1,740,2,110,1,346
31.12.2017,5334.0,    Städteregion Aachen (einschl. Stadt Aachen),9,3842,2,2005,1,125,6,1712
31.12.2017,5354.0,"    Aachen, Kreis",9,3842,2,2005,1,125,6,1712
31.12.2017,5358.0,"    Düren, Kreis",6,1783,2,855,1,125,4,928
31.12.2017,5362.0,    Rhein-Erft-Kreis,8,1433,2,855,2,174,6,1259
31.12.2017,5366.0,"    Euskirchen, Kreis",3,1101,1,513,2,174,2,588
31.12.2017,5370.0,"    Heinsberg, Kreis",4,952,1,187,2,174,3,765
31.12.2017,5374.0,    Oberbergischer Kreis,4,1559,1,962,1,194,2,403
31.12.2017,5378.0,    Rheinisch-Bergischer Kreis,5,1151,2,247,1,194,3,904
31.12.2017,5382.0,    Rhein-Sieg-Kreis,7,1455,2,247,2,540,5,915
31.12.2017,55.0,"  Münster, Regierungsbezirk",52,17205,7,3424,2,118,43,13663
31.12.2017,5512.0,"    Bottrop, krfr. Stadt",2,704,7,3424,2,118,2,704
31.12.2017,5513.0,"    Gelsenkirchen, krfr. Stadt",5,1775,1,318,2,118,4,1457
31.12.2017,5515.0,"    Münster, krfr. Stadt",9,3730,2,1693,2,118,7,2037
31.12.2017,5554.0,"    Borken, Kreis",7,1876,2,1693,2,118,7,1876
31.12.2017,5558.0,"    Coesfeld, Kreis",3,856,2,1693,2,118,3,856
31.12.2017,5562.0,"    Recklinghausen, Kreis",12,4886,3,1057,2,118,9,3829
31.12.2017,5566.0,"    Steinfurt, Kreis",8,2033,1,356,1,118,6,1559
31.12.2017,5570.0,"    Warendorf, Kreis",6,1345,1,356,1,118,5,1345
31.12.2017,57.0,"  Detmold, Regierungsbezirk",32,13067,12,6002,6,479,14,6586
31.12.2017,5711.0,"    Bielefeld, krfr. Stadt",7,3974,1,1112,1,13,5,2849
31.12.2017,5754.0,"    Gütersloh, Kreis",3,1421,2,812,1,13,1,609
31.12.2017,5758.0,"    Herford, Kreis",3,1092,1,717,1,13,2,375
31.12.2017,5762.0,"    Höxter, Kreis",2,1057,1,717,1,153,1,904
31.12.2017,5766.0,"    Lippe, Kreis",4,1403,2,1215,2,188,1,904
31.12.2017,5770.0,"    Minden-Lübbecke, Kreis",8,2373,4,1730,2,125,2,518
31.12.2017,5774.0,"    Paderborn, Kreis",5,1747,2,416,2,125,3,1331
31.12.2017,59.0,"  Arnsberg, Regierungsbezirk",85,26710,23,8554,7,1156,55,17000
31.12.2017,5911.0,"    Bochum, krfr. Stadt",7,3403,3,1179,1,161,3,2063
31.12.2017,5913.0,"    Dortmund, krfr. Stadt",11,3921,5,2307,1,161,6,1614
31.12.2017,5914.0,"    Hagen, krfr. Stadt",4,1589,5,2307,1,80,3,1509
31.12.2017,5915.0,"    Hamm, krfr. Stadt",5,1789,1,110,1,80,4,1679
31.12.2017,5916.0,"    Herne, krfr. Stadt",5,1656,1,110,1,80,5,1656
31.12.2017,5954.0,    Ennepe-Ruhr-Kreis,7,1906,1,110,1,401,6,1505
31.12.2017,5958.0,    Hochsauerlandkreis,10,2087,4,1312,1,54,5,721
31.12.2017,5962.0,    Märkischer Kreis,11,2848,5,1542,2,162,4,1144
31.12.2017,5966.0,"    Olpe, Kreis",2,844,5,1542,1,298,1,546
31.12.2017,5970.0,"    Siegen-Wittgenstein, Kreis",5,1988,1,585,1,298,4,1403
31.12.2017,5974.0,"    Soest, Kreis",9,2027,3,724,1,298,6,1303
31.12.2017,5978.0,"    Unna, Kreis",9,2652,1,795,1,298,8,1857
31.12.2016,5.0,Nordrhein-Westfalen,348,119645,78,36859,40,9637,230,73149
31.12.2016,51.0,"  Düsseldorf, Regierungsbezirk",96,36106,18,7604,15,6506,63,21996
31.12.2016,5111.0,"    Düsseldorf, krfr. Stadt",13,5105,2,1655,4,989,7,2461
31.12.2016,5112.0,"    Duisburg, krfr. Stadt",8,4628,1,320,2,1686,5,2622
31.12.2016,5113.0,"    Essen, krfr. Stadt",12,5640,3,1705,1,18,8,3917
31.12.2016,5114.0,"    Krefeld, krfr. Stadt",4,2091,3,1705,1,1184,3,907
31.12.2016,5116.0,"    Mönchengladbach, krfr. Stadt",5,2135,2,656,1,1184,3,1479
31.12.2016,5117.0,"    Mülheim an der Ruhr, krfr. Stadt",2,903,2,656,1,1184,2,903
31.12.2016,5119.0,"    Oberhausen, krfr. Stadt",3,1474,2,656,1,203,2,1271
31.12.2016,5120.0,"    Remscheid, krfr. Stadt",3,1020,2,656,1,460,2,560
31.12.2016,5122.0,"    Solingen, krfr. Stadt",4,1051,1,629,1,460,3,422
31.12.2016,5124.0,"    Wuppertal, krfr. Stadt",3,2018,1,629,1,1058,2,960
31.12.2016,5154.0,"    Kleve, Kreis",7,1795,1,305,1,1058,6,1490
31.12.2016,5158.0,"    Mettmann, Kreis",11,2252,1,394,3,655,7,1203
31.12.2016,5162.0,    Rhein-Kreis Neuss,7,2048,3,1222,3,655,4,826
31.12.2016,5166.0,"    Viersen, Kreis",7,1436,4,718,1,253,2,465
31.12.2016,5170.0,"    Wesel, Kreis",7,2510,4,718,1,253,7,2510
31.12.2016,53.0,"  Köln, Regierungsbezirk",80,25851,18,11175,9,1214,53,13462
31.12.2016,5313.0,"    Aachen, krfr. Stadt",80,25851,18,11175,9,1214,53,13462
31.12.2016,5314.0,"    Bonn, krfr. Stadt",9,4117,2,1908,2,110,5,2099
31.12.2016,5315.0,"    Köln, krfr. Stadt",22,7157,6,3663,2,110,16,3494
31.12.2016,5316.0,"    Leverkusen, krfr. Stadt",2,1081,1,735,2,110,1,346
31.12.2016,5334.0,    Städteregion Aachen (einschl. Stadt Aachen),9,4039,2,2143,1,99,6,1797
31.12.2016,5354.0,"    Aachen, Kreis",9,4039,2,2143,1,99,6,1797
31.12.2016,5358.0,"    Düren, Kreis",6,1790,2,855,1,99,4,935
31.12.2016,5362.0,    Rhein-Erft-Kreis,8,1433,2,855,2,174,6,1259
31.12.2016,5366.0,"    Euskirchen, Kreis",3,1061,1,473,2,174,2,588
31.12.2016,5370.0,"    Heinsberg, Kreis",5,1025,1,205,1,93,3,727
31.12.2016,5374.0,    Oberbergischer Kreis,4,1516,1,929,1,194,2,393
31.12.2016,5378.0,    Rheinisch-Bergischer Kreis,5,1179,2,264,1,194,3,915
31.12.2016,5382.0,    Rhein-Sieg-Kreis,7,1453,2,264,2,544,5,909
31.12.2016,55.0,"  Münster, Regierungsbezirk",52,17316,7,3433,2,157,43,13726
31.12.2016,5512.0,"    Bottrop, krfr. Stadt",2,704,7,3433,2,157,2,704
31.12.2016,5513.0,"    Gelsenkirchen, krfr. Stadt",5,1775,1,318,2,157,4,1457
31.12.2016,5515.0,"    Münster, krfr. Stadt",9,3739,2,1702,2,157,7,2037
31.12.2016,5554.0,"    Borken, Kreis",7,1876,2,1702,2,157,7,1876
31.12.2016,5558.0,"    Coesfeld, Kreis",3,856,2,1702,2,157,3,856
31.12.2016,5562.0,"    Recklinghausen, Kreis",12,4928,3,1057,2,157,9,3871
31.12.2016,5566.0,"    Steinfurt, Kreis",8,2093,1,356,1,157,6,1580
31.12.2016,5570.0,"    Warendorf, Kreis",6,1345,1,356,1,157,5,1345
31.12.2016,57.0,"  Detmold, Regierungsbezirk",32,13307,12,6216,6,477,14,6614
31.12.2016,5711.0,"    Bielefeld, krfr. Stadt",7,3976,1,1114,1,13,5,2849
31.12.2016,5754.0,"    Gütersloh, Kreis",3,1421,2,812,1,13,1,609
31.12.2016,5758.0,"    Herford, Kreis",3,1092,1,717,1,13,2,375
31.12.2016,5762.0,"    Höxter, Kreis",2,1065,1,717,1,153,1,912
31.12.2016,5766.0,"    Lippe, Kreis",4,1627,2,1441,2,186,1,912
31.12.2016,5770.0,"    Minden-Lübbecke, Kreis",8,2359,4,1716,2,125,2,518
31.12.2016,5774.0,"    Paderborn, Kreis",5,1767,2,416,2,125,3,1351
31.12.2016,59.0,"  Arnsberg, Regierungsbezirk",88,27065,23,8431,8,1283,57,17351
31.12.2016,5911.0,"    Bochum, krfr. Stadt",7,3524,3,1280,1,161,3,2083
31.12.2016,5913.0,"    Dortmund, krfr. Stadt",11,3911,5,2307,1,161,6,1604
31.12.2016,5914.0,"    Hagen, krfr. Stadt",5,1690,5,2307,1,80,4,1610
31.12.2016,5915.0,"    Hamm, krfr. Stadt",5,1784,1,110,1,80,4,1674
31.12.2016,5916.0,"    Herne, krfr. Stadt",5,1615,1,110,1,80,5,1615
31.12.2016,5954.0,    Ennepe-Ruhr-Kreis,7,1899,1,110,1,401,6,1498
31.12.2016,5958.0,    Hochsauerlandkreis,11,2099,4,1088,1,54,6,957
31.12.2016,5962.0,    Märkischer Kreis,11,2869,5,1542,2,162,4,1165
31.12.2016,5966.0,"    Olpe, Kreis",2,844,5,1542,1,298,1,546
31.12.2016,5970.0,"    Siegen-Wittgenstein, Kreis",6,2115,1,585,1,127,4,1403
31.12.2016,5974.0,"    Soest, Kreis",9,2053,3,724,1,127,6,1329
31.12.2016,5978.0,"    Unna, Kreis",9,2662,1,795,1,127,8,1867
31.12.2015,5.0,Nordrhein-Westfalen,352,119900,79,37340,38,8785,235,73775
31.12.2015,51.0,"  Düsseldorf, Regierungsbezirk",98,36459,19,8167,12,5653,67,22639
31.12.2015,5111.0,"    Düsseldorf, krfr. Stadt",14,5080,2,1636,3,786,9,2658
31.12.2015,5112.0,"    Duisburg, krfr. Stadt",8,4607,1,320,2,1665,5,2622
31.12.2015,5113.0,"    Essen, krfr. Stadt",13,5619,3,1686,1,18,9,3915
31.12.2015,5114.0,"    Krefeld, krfr. Stadt",4,2093,3,1686,1,1186,3,907
31.12.2015,5116.0,"    Mönchengladbach, krfr. Stadt",5,2164,2,685,1,1186,3,1479
31.12.2015,5117.0,"    Mülheim an der Ruhr, krfr. Stadt",2,911,2,685,1,1186,2,911
31.12.2015,5119.0,"    Oberhausen, krfr. Stadt",3,1507,2,685,1,203,2,1304
31.12.2015,5120.0,"    Remscheid, krfr. Stadt",3,1020,2,685,1,460,2,560
31.12.2015,5122.0,"    Solingen, krfr. Stadt",4,1145,1,698,1,460,3,447
31.12.2015,5124.0,"    Wuppertal, krfr. Stadt",3,2124,1,698,1,1034,2,1090
31.12.2015,5154.0,"    Kleve, Kreis",7,1795,1,305,1,1034,6,1490
31.12.2015,5158.0,"    Mettmann, Kreis",11,2379,2,897,1,48,8,1434
31.12.2015,5162.0,    Rhein-Kreis Neuss,7,2065,3,1222,1,48,4,843
31.12.2015,5166.0,"    Viersen, Kreis",7,1440,4,718,1,253,2,469
31.12.2015,5170.0,"    Wesel, Kreis",7,2510,4,718,1,253,7,2510
31.12.2015,53.0,"  Köln, Regierungsbezirk",82,26047,18,11152,9,1231,55,13664
31.12.2015,5313.0,"    Aachen, krfr. Stadt",82,26047,18,11152,9,1231,55,13664
31.12.2015,5314.0,"    Bonn, krfr. Stadt",9,4112,2,1903,2,110,5,2099
31.12.2015,5315.0,"    Köln, krfr. Stadt",22,7313,6,3666,2,110,16,3647
31.12.2015,5316.0,"    Leverkusen, krfr. Stadt",2,1095,1,735,2,110,1,360
31.12.2015,5334.0,    Städteregion Aachen (einschl. Stadt Aachen),9,3998,2,2141,1,99,6,1758
31.12.2015,5354.0,"    Aachen, Kreis",9,3998,2,2141,1,99,6,1758
31.12.2015,5358.0,"    Düren, Kreis",6,1804,2,869,1,99,4,935
31.12.2015,5362.0,    Rhein-Erft-Kreis,8,1427,2,869,2,169,6,1258
31.12.2015,5366.0,"    Euskirchen, Kreis",4,1096,1,403,2,169,3,693
31.12.2015,5370.0,"    Heinsberg, Kreis",5,1005,1,205,1,93,3,707
31.12.2015,5374.0,    Oberbergischer Kreis,4,1557,1,970,1,194,2,393
31.12.2015,5378.0,    Rheinisch-Bergischer Kreis,5,1172,2,260,1,194,3,912
31.12.2015,5382.0,    Rhein-Sieg-Kreis,8,1468,2,260,2,566,6,902
31.12.2015,55.0,"  Münster, Regierungsbezirk",51,17050,7,3377,2,143,42,13530
31.12.2015,5512.0,"    Bottrop, krfr. Stadt",2,704,7,3377,2,143,2,704
31.12.2015,5513.0,"    Gelsenkirchen, krfr. Stadt",5,1752,1,318,2,143,4,1434
31.12.2015,5515.0,"    Münster, krfr. Stadt",9,3688,2,1646,2,143,7,2042
31.12.2015,5554.0,"    Borken, Kreis",7,1876,2,1646,2,143,7,1876
31.12.2015,5558.0,"    Coesfeld, Kreis",3,856,2,1646,2,143,3,856
31.12.2015,5562.0,"    Recklinghausen, Kreis",12,4928,3,1057,2,143,9,3871
31.12.2015,5566.0,"    Steinfurt, Kreis",7,1901,1,356,1,143,5,1402
31.12.2015,5570.0,"    Warendorf, Kreis",6,1345,1,356,1,143,5,1345
31.12.2015,57.0,"  Detmold, Regierungsbezirk",33,13295,12,6188,7,487,14,6620
31.12.2015,5711.0,"    Bielefeld, krfr. Stadt",7,3974,1,1112,1,13,5,2849
31.12.2015,5754.0,"    Gütersloh, Kreis",3,1421,2,812,1,13,1,609
31.12.2015,5758.0,"    Herford, Kreis",3,1084,1,709,1,13,2,375
31.12.2015,5762.0,"    Höxter, Kreis",2,1065,1,709,1,153,1,912
31.12.2015,5766.0,"    Lippe, Kreis",4,1614,2,1428,2,186,1,912
31.12.2015,5770.0,"    Minden-Lübbecke, Kreis",9,2370,4,1711,3,135,2,524
31.12.2015,5774.0,"    Paderborn, Kreis",5,1767,2,416,3,135,3,1351
31.12.2015,59.0,"  Arnsberg, Regierungsbezirk",88,27049,23,8456,8,1271,57,17322
31.12.2015,5911.0,"    Bochum, krfr. Stadt",7,3566,3,1319,1,161,3,2086
31.12.2015,5913.0,"    Dortmund, krfr. Stadt",11,3883,5,2270,1,161,6,1613
31.12.2015,5914.0,"    Hagen, krfr. Stadt",5,1723,5,2270,1,80,4,1643
31.12.2015,5915.0,"    Hamm, krfr. Stadt",5,1739,1,110,1,80,4,1629
31.12.2015,5916.0,"    Herne, krfr. Stadt",5,1615,1,110,1,80,5,1615
31.12.2015,5954.0,    Ennepe-Ruhr-Kreis,7,1895,1,110,1,401,6,1494
31.12.2015,5958.0,    Hochsauerlandkreis,11,2099,4,1088,1,54,6,957
31.12.2015,5962.0,    Märkischer Kreis,11,2852,5,1542,2,162,4,1148
31.12.2015,5966.0,"    Olpe, Kreis",2,832,5,1542,1,286,1,546
31.12.2015,5970.0,"    Siegen-Wittgenstein, Kreis",6,2115,1,585,1,127,4,1403
31.12.2015,5974.0,"    Soest, Kreis",9,2045,3,724,1,127,6,1321
31.12.2015,5978.0,"    Unna, Kreis",9,2685,1,818,1,127,8,1867
31.12.2014,5.0,Nordrhein-Westfalen,364,120268,80,38052,40,8134,244,74082
31.12.2014,51.0,"  Düsseldorf, Regierungsbezirk",99,36261,20,8752,11,4905,68,22604
31.12.2014,5111.0,"    Düsseldorf, krfr. Stadt",14,5129,2,1647,3,786,9,2696
31.12.2014,5112.0,"    Duisburg, krfr. Stadt",8,4522,2,892,1,1008,5,2622
31.12.2014,5113.0,"    Essen, krfr. Stadt",13,5629,3,1696,1,18,9,3915
31.12.2014,5114.0,"    Krefeld, krfr. Stadt",4,2015,3,1696,1,1138,3,877
31.12.2014,5116.0,"    Mönchengladbach, krfr. Stadt",5,2174,2,695,1,1138,3,1479
31.12.2014,5117.0,"    Mülheim an der Ruhr, krfr. Stadt",2,900,2,695,1,1138,2,900
31.12.2014,5119.0,"    Oberhausen, krfr. Stadt",4,1460,2,695,1,203,3,1257
31.12.2014,5120.0,"    Remscheid, krfr. Stadt",3,1047,2,695,1,502,2,545
31.12.2014,5122.0,"    Solingen, krfr. Stadt",4,1145,1,698,1,502,3,447
31.12.2014,5124.0,"    Wuppertal, krfr. Stadt",3,2070,1,698,1,961,2,1109
31.12.2014,5154.0,"    Kleve, Kreis",7,1795,1,305,1,961,6,1490
31.12.2014,5158.0,"    Mettmann, Kreis",11,2379,2,897,1,48,8,1434
31.12.2014,5162.0,    Rhein-Kreis Neuss,7,2058,3,1204,1,48,4,854
31.12.2014,5166.0,"    Viersen, Kreis",7,1428,4,718,1,241,2,469
31.12.2014,5170.0,"    Wesel, Kreis",7,2510,4,718,1,241,7,2510
31.12.2014,53.0,"  Köln, Regierungsbezirk",85,26114,18,11181,11,1297,56,13636
31.12.2014,5313.0,"    Aachen, krfr. Stadt",85,26114,18,11181,11,1297,56,13636
31.12.2014,5314.0,"    Bonn, krfr. Stadt",9,4116,2,1907,2,110,5,2099
31.12.2014,5315.0,"    Köln, krfr. Stadt",22,7311,6,3708,2,110,16,3603
31.12.2014,5316.0,"    Leverkusen, krfr. Stadt",2,1095,1,735,2,110,1,360
31.12.2014,5334.0,    Städteregion Aachen (einschl. Stadt Aachen),10,4026,2,2121,2,147,6,1758
31.12.2014,5354.0,"    Aachen, Kreis",10,4026,2,2121,2,147,6,1758
31.12.2014,5358.0,"    Düren, Kreis",7,1822,2,869,1,18,4,935
31.12.2014,5362.0,    Rhein-Erft-Kreis,8,1394,2,869,2,169,6,1225
31.12.2014,5366.0,"    Euskirchen, Kreis",4,1094,1,403,2,169,3,691
31.12.2014,5370.0,"    Heinsberg, Kreis",5,995,1,205,1,93,3,697
31.12.2014,5374.0,    Oberbergischer Kreis,4,1571,1,973,1,194,2,404
31.12.2014,5378.0,    Rheinisch-Bergischer Kreis,5,1172,2,260,1,194,3,912
31.12.2014,5382.0,    Rhein-Sieg-Kreis,9,1518,2,260,2,566,7,952
31.12.2014,55.0,"  Münster, Regierungsbezirk",55,17708,8,3766,3,183,44,13759
31.12.2014,5512.0,"    Bottrop, krfr. Stadt",2,704,1,346,3,183,1,358
31.12.2014,5513.0,"    Gelsenkirchen, krfr. Stadt",5,1752,1,318,3,183,4,1434
31.12.2014,5515.0,"    Münster, krfr. Stadt",9,3716,2,1684,3,183,7,2032
31.12.2014,5554.0,"    Borken, Kreis",8,1916,2,1684,1,40,7,1876
31.12.2014,5558.0,"    Coesfeld, Kreis",3,856,2,1684,1,40,3,856
31.12.2014,5562.0,"    Recklinghausen, Kreis",12,4946,3,1062,1,40,9,3884
31.12.2014,5566.0,"    Steinfurt, Kreis",9,2288,1,356,1,143,7,1789
31.12.2014,5570.0,"    Warendorf, Kreis",7,1530,1,356,1,143,6,1530
31.12.2014,57.0,"  Detmold, Regierungsbezirk",35,12995,12,6186,7,487,16,6322
31.12.2014,5711.0,"    Bielefeld, krfr. Stadt",7,3966,1,1104,1,13,5,2849
31.12.2014,5754.0,"    Gütersloh, Kreis",3,1236,2,812,1,13,1,424
31.12.2014,5758.0,"    Herford, Kreis",3,1100,1,692,1,13,2,408
31.12.2014,5762.0,"    Höxter, Kreis",2,924,1,692,1,153,1,771
31.12.2014,5766.0,"    Lippe, Kreis",5,1631,2,1445,2,186,1,771
31.12.2014,5770.0,"    Minden-Lübbecke, Kreis",9,2371,4,1717,3,135,2,519
31.12.2014,5774.0,"    Paderborn, Kreis",6,1767,2,416,3,135,4,1351
31.12.2014,59.0,"  Arnsberg, Regierungsbezirk",90,27190,22,8167,8,1262,60,17761
31.12.2014,5911.0,"    Bochum, krfr. Stadt",8,3562,3,1331,1,161,4,2070
31.12.2014,5913.0,"    Dortmund, krfr. Stadt",11,3928,4,1968,1,161,7,1960
31.12.2014,5914.0,"    Hagen, krfr. Stadt",5,1732,4,1968,1,80,4,1652
31.12.2014,5915.0,"    Hamm, krfr. Stadt",5,1753,1,110,1,80,4,1643
31.12.2014,5916.0,"    Herne, krfr. Stadt",5,1625,1,110,1,80,5,1625
31.12.2014,5954.0,    Ennepe-Ruhr-Kreis,7,1894,1,110,1,401,6,1493
31.12.2014,5958.0,    Hochsauerlandkreis,11,2095,4,1088,1,54,6,953
31.12.2014,5962.0,    Märkischer Kreis,12,2931,5,1543,2,153,5,1235
31.12.2014,5966.0,"    Olpe, Kreis",2,832,5,1543,1,286,1,546
31.12.2014,5970.0,"    Siegen-Wittgenstein, Kreis",6,2109,1,585,1,127,4,1397
31.12.2014,5974.0,"    Soest, Kreis",9,2044,3,724,1,127,6,1320
31.12.2014,5978.0,"    Unna, Kreis",9,2685,1,818,1,127,8,1867
31.12.2013,5.0,Nordrhein-Westfalen,370,120247,81,37707,42,8095,247,74445
31.12.2013,51.0,"  Düsseldorf, Regierungsbezirk",101,36371,20,8676,11,4811,70,22884
31.12.2013,5111.0,"    Düsseldorf, krfr. Stadt",14,5155,2,1663,3,798,9,2694
31.12.2013,5112.0,"    Duisburg, krfr. Stadt",8,4422,2,898,1,863,5,2661
31.12.2013,5113.0,"    Essen, krfr. Stadt",13,5602,3,1648,1,18,9,3936
31.12.2013,5114.0,"    Krefeld, krfr. Stadt",4,2032,3,1648,1,1155,3,877
31.12.2013,5116.0,"    Mönchengladbach, krfr. Stadt",5,2143,2,664,1,1155,3,1479
31.12.2013,5117.0,"    Mülheim an der Ruhr, krfr. Stadt",2,851,2,664,1,1155,2,851
31.12.2013,5119.0,"    Oberhausen, krfr. Stadt",4,1494,2,664,1,203,3,1291
31.12.2013,5120.0,"    Remscheid, krfr. Stadt",3,990,2,664,1,521,2,469
31.12.2013,5122.0,"    Solingen, krfr. Stadt",4,1145,1,698,1,521,3,447
31.12.2013,5124.0,"    Wuppertal, krfr. Stadt",3,2107,1,698,1,961,2,1146
31.12.2013,5154.0,"    Kleve, Kreis",7,1795,1,305,1,961,6,1490
31.12.2013,5158.0,"    Mettmann, Kreis",12,2455,2,897,1,48,9,1510
31.12.2013,5162.0,    Rhein-Kreis Neuss,7,2036,3,1185,1,48,4,851
31.12.2013,5166.0,"    Viersen, Kreis",8,1639,4,718,1,244,3,677
31.12.2013,5170.0,"    Wesel, Kreis",7,2505,4,718,1,244,7,2505
31.12.2013,53.0,"  Köln, Regierungsbezirk",86,25990,18,11045,12,1343,56,13602
31.12.2013,5313.0,"    Aachen, krfr. Stadt",86,25990,18,11045,12,1343,56,13602
31.12.2013,5314.0,"    Bonn, krfr. Stadt",9,4116,2,1907,2,110,5,2099
31.12.2013,5315.0,"    Köln, krfr. Stadt",23,7322,6,3691,1,65,16,3566
31.12.2013,5316.0,"    Leverkusen, krfr. Stadt",2,1095,1,735,1,65,1,360
31.12.2013,5334.0,    Städteregion Aachen (einschl. Stadt Aachen),10,3880,2,1975,2,147,6,1758
31.12.2013,5354.0,"    Aachen, Kreis",10,3880,2,1975,2,147,6,1758
31.12.2013,5358.0,"    Düren, Kreis",7,1872,2,897,1,18,4,957
31.12.2013,5362.0,    Rhein-Erft-Kreis,8,1375,2,897,2,150,6,1225
31.12.2013,5366.0,"    Euskirchen, Kreis",4,1094,1,403,2,150,3,691
31.12.2013,5370.0,"    Heinsberg, Kreis",5,992,1,205,1,93,3,694
31.12.2013,5374.0,    Oberbergischer Kreis,4,1548,1,972,1,194,2,382
31.12.2013,5378.0,    Rheinisch-Bergischer Kreis,5,1172,2,260,1,194,3,912
31.12.2013,5382.0,    Rhein-Sieg-Kreis,9,1524,2,260,2,566,7,958
31.12.2013,55.0,"  Münster, Regierungsbezirk",55,17774,8,3823,3,183,44,13768
31.12.2013,5512.0,"    Bottrop, krfr. Stadt",2,704,1,346,3,183,1,358
31.12.2013,5513.0,"    Gelsenkirchen, krfr. Stadt",5,1752,1,318,3,183,4,1434
31.12.2013,5515.0,"    Münster, krfr. Stadt",9,3732,2,1704,3,183,7,2028
31.12.2013,5554.0,"    Borken, Kreis",8,1916,2,1704,1,40,7,1876
31.12.2013,5558.0,"    Coesfeld, Kreis",3,856,2,1704,1,40,3,856
31.12.2013,5562.0,"    Recklinghausen, Kreis",12,4983,3,1099,1,40,9,3884
31.12.2013,5566.0,"    Steinfurt, Kreis",9,2300,1,356,1,143,7,1801
31.12.2013,5570.0,"    Warendorf, Kreis",7,1531,1,356,1,143,6,1531
31.12.2013,57.0,"  Detmold, Regierungsbezirk",35,12934,12,6070,7,487,16,6377
31.12.2013,5711.0,"    Bielefeld, krfr. Stadt",7,3954,1,1092,1,13,5,2849
31.12.2013,5754.0,"    Gütersloh, Kreis",3,1216,2,792,1,13,1,424
31.12.2013,5758.0,"    Herford, Kreis",3,1100,1,692,1,13,2,408
31.12.2013,5762.0,"    Höxter, Kreis",2,978,1,692,1,153,1,825
31.12.2013,5766.0,"    Lippe, Kreis",5,1613,2,1427,2,186,1,825
31.12.2013,5770.0,"    Minden-Lübbecke, Kreis",9,2306,4,1651,3,135,2,520
31.12.2013,5774.0,"    Paderborn, Kreis",6,1767,2,416,3,135,4,1351
31.12.2013,59.0,"  Arnsberg, Regierungsbezirk",93,27178,23,8093,9,1271,61,17814
31.12.2013,5911.0,"    Bochum, krfr. Stadt",8,3300,3,1238,1,161,4,1901
31.12.2013,5913.0,"    Dortmund, krfr. Stadt",11,3909,4,1968,1,161,7,1941
31.12.2013,5914.0,"    Hagen, krfr. Stadt",5,1780,4,1968,1,80,4,1700
31.12.2013,5915.0,"    Hamm, krfr. Stadt",5,1773,1,110,1,80,4,1663
31.12.2013,5916.0,"    Herne, krfr. Stadt",5,1615,1,110,1,80,5,1615
31.12.2013,5954.0,    Ennepe-Ruhr-Kreis,8,2068,1,110,1,401,7,1667
31.12.2013,5958.0,    Hochsauerlandkreis,11,2067,4,1088,1,54,6,925
31.12.2013,5962.0,    Märkischer Kreis,12,2945,5,1557,2,153,5,1235
31.12.2013,5966.0,"    Olpe, Kreis",2,832,5,1557,1,286,1,546
31.12.2013,5970.0,"    Siegen-Wittgenstein, Kreis",6,2151,1,590,1,127,4,1434
31.12.2013,5974.0,"    Soest, Kreis",10,2053,3,724,1,9,6,1320
31.12.2013,5978.0,"    Unna, Kreis",10,2685,2,818,1,9,8,1867
31.12.2012,5.0,Nordrhein-Westfalen,385,120973,82,37472,45,7703,258,75798
31.12.2012,51.0,"  Düsseldorf, Regierungsbezirk",105,36673,20,8722,11,4526,74,23425
31.12.2012,5111.0,"    Düsseldorf, krfr. Stadt",14,5191,2,1658,3,798,9,2735
31.12.2012,5112.0,"    Duisburg, krfr. Stadt",9,4504,2,905,1,936,6,2663
31.12.2012,5113.0,"    Essen, krfr. Stadt",14,5601,3,1628,1,18,10,3955
31.12.2012,5114.0,"    Krefeld, krfr. Stadt",4,1922,3,1628,1,1070,3,852
31.12.2012,5116.0,"    Mönchengladbach, krfr. Stadt",6,2176,2,695,1,32,3,1449
31.12.2012,5117.0,"    Mülheim an der Ruhr, krfr. Stadt",2,911,2,695,1,32,2,911
31.12.2012,5119.0,"    Oberhausen, krfr. Stadt",4,1516,2,695,1,203,3,1313
31.12.2012,5120.0,"    Remscheid, krfr. Stadt",3,929,2,695,1,460,2,469
31.12.2012,5122.0,"    Solingen, krfr. Stadt",4,1161,1,714,1,460,3,447
31.12.2012,5124.0,"    Wuppertal, krfr. Stadt",3,2107,1,714,1,961,2,1146
31.12.2012,5154.0,"    Kleve, Kreis",7,1795,1,305,1,961,6,1490
31.12.2012,5158.0,"    Mettmann, Kreis",13,2545,2,897,1,48,10,1600
31.12.2012,5162.0,    Rhein-Kreis Neuss,7,2045,3,1202,1,48,4,843
31.12.2012,5166.0,"    Viersen, Kreis",8,1664,4,718,1,48,4,946
31.12.2012,5170.0,"    Wesel, Kreis",7,2606,4,718,1,48,7,2606
31.12.2012,53.0,"  Köln, Regierungsbezirk",92,26152,19,11062,15,1265,58,13825
31.12.2012,5313.0,"    Aachen, krfr. Stadt",92,26152,19,11062,15,1265,58,13825
31.12.2012,5314.0,"    Bonn, krfr. Stadt",10,4132,2,1923,2,110,6,2099
31.12.2012,5315.0,"    Köln, krfr. Stadt",24,7330,6,3695,2,108,16,3527
31.12.2012,5316.0,"    Leverkusen, krfr. Stadt",2,1095,1,735,2,108,1,360
31.12.2012,5334.0,    Städteregion Aachen (einschl. Stadt Aachen),10,3825,2,1981,2,94,6,1750
31.12.2012,5354.0,"    Aachen, Kreis",10,3825,2,1981,2,94,6,1750
31.12.2012,5358.0,"    Düren, Kreis",7,1879,2,897,1,18,4,964
31.12.2012,5362.0,    Rhein-Erft-Kreis,10,1472,2,897,4,247,6,1225
31.12.2012,5366.0,"    Euskirchen, Kreis",4,1094,1,403,4,247,3,691
31.12.2012,5370.0,"    Heinsberg, Kreis",5,998,1,205,1,93,3,700
31.12.2012,5374.0,    Oberbergischer Kreis,6,1621,2,963,1,29,3,629
31.12.2012,5378.0,    Rheinisch-Bergischer Kreis,5,1172,2,260,1,29,3,912
31.12.2012,5382.0,    Rhein-Sieg-Kreis,9,1534,2,260,2,566,7,968
31.12.2012,55.0,"  Münster, Regierungsbezirk",55,17798,8,3818,3,169,44,13811
31.12.2012,5512.0,"    Bottrop, krfr. Stadt",2,704,1,346,3,169,1,358
31.12.2012,5513.0,"    Gelsenkirchen, krfr. Stadt",5,1748,1,318,3,169,4,1430
31.12.2012,5515.0,"    Münster, krfr. Stadt",9,3733,2,1696,3,169,7,2037
31.12.2012,5554.0,"    Borken, Kreis",8,1916,2,1696,1,40,7,1876
31.12.2012,5558.0,"    Coesfeld, Kreis",3,838,2,1696,1,40,3,838
31.12.2012,5562.0,"    Recklinghausen, Kreis",12,4982,3,1102,1,40,9,3880
31.12.2012,5566.0,"    Steinfurt, Kreis",9,2336,1,356,1,129,7,1851
31.12.2012,5570.0,"    Warendorf, Kreis",7,1541,1,356,1,129,6,1541
31.12.2012,57.0,"  Detmold, Regierungsbezirk",36,12915,12,6095,7,487,17,6333
31.12.2012,5711.0,"    Bielefeld, krfr. Stadt",7,3969,1,1140,1,13,5,2816
31.12.2012,5754.0,"    Gütersloh, Kreis",3,1216,2,792,1,13,1,424
31.12.2012,5758.0,"    Herford, Kreis",3,1092,1,684,1,13,2,408
31.12.2012,5762.0,"    Höxter, Kreis",3,978,1,684,1,153,2,825
31.12.2012,5766.0,"    Lippe, Kreis",5,1596,2,1410,2,186,1,825
31.12.2012,5770.0,"    Minden-Lübbecke, Kreis",9,2297,4,1653,3,135,2,509
31.12.2012,5774.0,"    Paderborn, Kreis",6,1767,2,416,3,135,4,1351
31.12.2012,59.0,"  Arnsberg, Regierungsbezirk",97,27435,23,7775,9,1256,65,18404
31.12.2012,5911.0,"    Bochum, krfr. Stadt",8,3302,3,1240,1,161,4,1901
31.12.2012,5913.0,"    Dortmund, krfr. Stadt",12,4653,5,2718,1,161,7,1935
31.12.2012,5914.0,"    Hagen, krfr. Stadt",5,1782,5,2718,1,80,4,1702
31.12.2012,5915.0,"    Hamm, krfr. Stadt",5,1744,1,110,1,80,4,1634
31.12.2012,5916.0,"    Herne, krfr. Stadt",5,1615,1,110,1,80,5,1615
31.12.2012,5954.0,    Ennepe-Ruhr-Kreis,9,2165,1,110,1,386,8,1779
31.12.2012,5958.0,    Hochsauerlandkreis,13,2067,4,599,1,54,8,1414
31.12.2012,5962.0,    Märkischer Kreis,12,3005,5,1588,2,153,5,1264
31.12.2012,5966.0,"    Olpe, Kreis",3,832,5,1588,1,286,2,546
31.12.2012,5970.0,"    Siegen-Wittgenstein, Kreis",6,2161,1,590,1,127,4,1444
31.12.2012,5974.0,"    Soest, Kreis",10,2036,3,724,1,9,6,1303
31.12.2012,5978.0,"    Unna, Kreis",9,2073,1,206,1,9,8,1867
31.12.2011,5.0,Nordrhein-Westfalen,401,121556,85,37522,47,7828,269,76206
31.12.2011,51.0,"  Düsseldorf, Regierungsbezirk",108,36774,20,8714,12,4591,76,23469
31.12.2011,5111.0,"    Düsseldorf, krfr. Stadt",14,5211,2,1679,3,798,9,2734
31.12.2011,5112.0,"    Duisburg, krfr. Stadt",9,4640,2,905,1,1032,6,2703
31.12.2011,5113.0,"    Essen, krfr. Stadt",14,5585,3,1612,1,18,10,3955
31.12.2011,5114.0,"    Krefeld, krfr. Stadt",5,1911,3,1612,2,1061,3,850
31.12.2011,5116.0,"    Mönchengladbach, krfr. Stadt",6,2207,2,695,1,32,3,1480
31.12.2011,5117.0,"    Mülheim an der Ruhr, krfr. Stadt",2,922,2,695,1,32,2,922
31.12.2011,5119.0,"    Oberhausen, krfr. Stadt",4,1516,2,695,1,203,3,1313
31.12.2011,5120.0,"    Remscheid, krfr. Stadt",3,907,2,695,1,438,2,469
31.12.2011,5122.0,"    Solingen, krfr. Stadt",4,1145,1,698,1,438,3,447
31.12.2011,5124.0,"    Wuppertal, krfr. Stadt",5,2068,1,698,1,961,4,1107
31.12.2011,5154.0,"    Kleve, Kreis",7,1795,1,305,1,961,6,1490
31.12.2011,5158.0,"    Mettmann, Kreis",13,2545,2,897,1,48,10,1600
31.12.2011,5162.0,    Rhein-Kreis Neuss,7,2043,3,1204,1,48,4,839
31.12.2011,5166.0,"    Viersen, Kreis",8,1673,4,719,1,48,4,954
31.12.2011,5170.0,"    Wesel, Kreis",7,2606,4,719,1,48,7,2606
31.12.2011,53.0,"  Köln, Regierungsbezirk",93,26153,20,11096,15,1234,58,13823
31.12.2011,5313.0,"    Aachen, krfr. Stadt",93,26153,20,11096,15,1234,58,13823
31.12.2011,5314.0,"    Bonn, krfr. Stadt",10,4128,2,1923,2,106,6,2099
31.12.2011,5315.0,"    Köln, krfr. Stadt",25,7301,6,3661,3,115,16,3525
31.12.2011,5316.0,"    Leverkusen, krfr. Stadt",2,1095,1,735,3,115,1,360
31.12.2011,5334.0,    Städteregion Aachen (einschl. Stadt Aachen),10,3847,2,2003,2,94,6,1750
31.12.2011,5354.0,"    Aachen, Kreis",10,3847,2,2003,2,94,6,1750
31.12.2011,5358.0,"    Düren, Kreis",7,1879,2,897,1,18,4,964
31.12.2011,5362.0,    Rhein-Erft-Kreis,10,1467,2,897,4,242,6,1225
31.12.2011,5366.0,"    Euskirchen, Kreis",4,1094,1,403,4,242,3,691
31.12.2011,5370.0,"    Heinsberg, Kreis",5,998,1,205,1,93,3,700
31.12.2011,5374.0,    Oberbergischer Kreis,6,1638,3,1009,1,93,3,629
31.12.2011,5378.0,    Rheinisch-Bergischer Kreis,5,1172,2,260,1,93,3,912
31.12.2011,5382.0,    Rhein-Sieg-Kreis,9,1534,2,260,2,566,7,968
31.12.2011,55.0,"  Münster, Regierungsbezirk",59,18081,8,3836,3,187,48,14058
31.12.2011,5512.0,"    Bottrop, krfr. Stadt",2,703,1,346,3,187,1,357
31.12.2011,5513.0,"    Gelsenkirchen, krfr. Stadt",5,1779,1,349,3,187,4,1430
31.12.2011,5515.0,"    Münster, krfr. Stadt",9,3720,2,1683,3,187,7,2037
31.12.2011,5554.0,"    Borken, Kreis",8,1946,2,1683,1,40,7,1906
31.12.2011,5558.0,"    Coesfeld, Kreis",3,838,2,1683,1,40,3,838
31.12.2011,5562.0,"    Recklinghausen, Kreis",16,5240,3,1102,1,40,13,4138
31.12.2011,5566.0,"    Steinfurt, Kreis",9,2297,1,356,1,127,7,1814
31.12.2011,5570.0,"    Warendorf, Kreis",7,1558,1,356,1,20,6,1538
31.12.2011,57.0,"  Detmold, Regierungsbezirk",39,12945,13,6103,7,472,19,6370
31.12.2011,5711.0,"    Bielefeld, krfr. Stadt",7,3601,1,1142,1,13,5,2446
31.12.2011,5754.0,"    Gütersloh, Kreis",4,1408,2,786,1,13,2,622
31.12.2011,5758.0,"    Herford, Kreis",4,1299,1,680,1,13,3,619
31.12.2011,5762.0,"    Höxter, Kreis",3,974,1,680,1,153,2,821
31.12.2011,5766.0,"    Lippe, Kreis",5,1584,2,1413,2,171,1,821
31.12.2011,5770.0,"    Minden-Lübbecke, Kreis",10,2312,5,1666,3,135,2,511
31.12.2011,5774.0,"    Paderborn, Kreis",6,1767,2,416,3,135,4,1351
31.12.2011,59.0,"  Arnsberg, Regierungsbezirk",102,27603,24,7773,10,1344,68,18486
31.12.2011,5911.0,"    Bochum, krfr. Stadt",8,3301,3,1240,1,161,4,1900
31.12.2011,5913.0,"    Dortmund, krfr. Stadt",12,4321,5,2576,1,161,7,1745
31.12.2011,5914.0,"    Hagen, krfr. Stadt",5,1767,5,2576,1,80,4,1687
31.12.2011,5915.0,"    Hamm, krfr. Stadt",6,1848,1,110,1,80,5,1738
31.12.2011,5916.0,"    Herne, krfr. Stadt",5,1615,1,110,1,80,5,1615
31.12.2011,5954.0,    Ennepe-Ruhr-Kreis,9,2154,1,110,1,386,8,1768
31.12.2011,5958.0,    Hochsauerlandkreis,14,2155,4,599,2,142,8,1414
31.12.2011,5962.0,    Märkischer Kreis,12,3067,5,1567,2,153,5,1347
31.12.2011,5966.0,"    Olpe, Kreis",3,832,5,1567,1,286,2,546
31.12.2011,5970.0,"    Siegen-Wittgenstein, Kreis",6,2151,1,590,1,127,4,1434
31.12.2011,5974.0,"    Soest, Kreis",12,2158,3,724,1,9,8,1425
31.12.2011,5978.0,"    Unna, Kreis",10,2234,2,367,1,9,8,1867
31.12.2010,5.0,Nordrhein-Westfalen,10,2234,85,37522,46,6936,273,77322
31.12.2010,51.0,"  Düsseldorf, Regierungsbezirk",10,2234,20,8714,11,3647,77,24632
31.12.2010,5111.0,"    Düsseldorf, krfr. Stadt",10,2234,2,1685,3,798,9,2714
31.12.2010,5112.0,"    Duisburg, krfr. Stadt",10,2234,2,905,3,798,7,3820
31.12.2010,5113.0,"    Essen, krfr. Stadt",10,2234,3,1596,1,18,10,3955
31.12.2010,5114.0,"    Krefeld, krfr. Stadt",10,2234,3,1596,2,1094,3,858
31.12.2010,5116.0,"    Mönchengladbach, krfr. Stadt",10,2234,2,695,1,32,3,1479
31.12.2010,5117.0,"    Mülheim an der Ruhr, krfr. Stadt",10,2234,2,695,1,32,2,929
31.12.2010,5119.0,"    Oberhausen, krfr. Stadt",10,2234,2,695,1,203,3,1313
31.12.2010,5120.0,"    Remscheid, krfr. Stadt",10,2234,2,695,1,493,2,469
31.12.2010,5122.0,"    Solingen, krfr. Stadt",10,2234,1,698,1,493,3,447
31.12.2010,5124.0,"    Wuppertal, krfr. Stadt",10,2234,1,698,1,961,4,1163
31.12.2010,5154.0,"    Kleve, Kreis",10,2234,1,305,1,961,6,1490
31.12.2010,5158.0,"    Mettmann, Kreis",10,2234,2,897,1,48,10,1600
31.12.2010,5162.0,    Rhein-Kreis Neuss,10,2234,3,1204,1,48,4,843
31.12.2010,5166.0,"    Viersen, Kreis",10,2234,4,729,1,48,4,946
31.12.2010,5170.0,"    Wesel, Kreis",10,2234,4,729,1,48,7,2606
31.12.2010,53.0,"  Köln, Regierungsbezirk",10,2234,20,11127,14,1217,58,13777
31.12.2010,5313.0,"    Aachen, krfr. Stadt",10,2234,20,11127,14,1217,58,13777
31.12.2010,5314.0,"    Bonn, krfr. Stadt",10,2234,2,1916,2,110,6,2099
31.12.2010,5315.0,"    Köln, krfr. Stadt",10,2234,6,3677,2,92,16,3511
31.12.2010,5316.0,"    Leverkusen, krfr. Stadt",10,2234,1,735,2,92,1,360
31.12.2010,5334.0,    Städteregion Aachen (einschl. Stadt Aachen),10,2234,2,1989,2,94,6,1752
31.12.2010,5354.0,"    Aachen, Kreis",10,2234,2,1989,2,94,6,1752
31.12.2010,5358.0,"    Düren, Kreis",10,2234,2,897,1,18,4,964
31.12.2010,5362.0,    Rhein-Erft-Kreis,10,2234,2,897,4,236,6,1225
31.12.2010,5366.0,"    Euskirchen, Kreis",10,2234,1,403,4,236,3,691
31.12.2010,5370.0,"    Heinsberg, Kreis",10,2234,1,205,1,93,3,666
31.12.2010,5374.0,    Oberbergischer Kreis,10,2234,3,1060,1,93,3,629
31.12.2010,5378.0,    Rheinisch-Bergischer Kreis,10,2234,2,245,1,93,3,912
31.12.2010,5382.0,    Rhein-Sieg-Kreis,10,2234,2,245,2,574,7,968
31.12.2010,55.0,"  Münster, Regierungsbezirk",10,2234,8,3802,3,179,49,14031
31.12.2010,5512.0,"    Bottrop, krfr. Stadt",10,2234,1,346,3,179,1,358
31.12.2010,5513.0,"    Gelsenkirchen, krfr. Stadt",10,2234,1,368,3,179,4,1430
31.12.2010,5515.0,"    Münster, krfr. Stadt",10,2234,2,1636,3,179,7,2037
31.12.2010,5554.0,"    Borken, Kreis",10,2234,2,1636,2,49,8,1876
31.12.2010,5558.0,"    Coesfeld, Kreis",10,2234,2,1636,2,49,3,838
31.12.2010,5562.0,"    Recklinghausen, Kreis",10,2234,3,1096,2,49,13,4139
31.12.2010,5566.0,"    Steinfurt, Kreis",10,2234,1,356,1,130,7,1815
31.12.2010,5570.0,"    Warendorf, Kreis",10,2234,1,356,1,130,6,1538
31.12.2010,57.0,"  Detmold, Regierungsbezirk",10,2234,13,6119,7,472,21,6369
31.12.2010,5711.0,"    Bielefeld, krfr. Stadt",10,2234,1,1142,1,13,5,2446
31.12.2010,5754.0,"    Gütersloh, Kreis",10,2234,2,786,1,13,2,622
31.12.2010,5758.0,"    Herford, Kreis",10,2234,1,680,1,13,3,619
31.12.2010,5762.0,"    Höxter, Kreis",10,2234,1,680,1,153,4,811
31.12.2010,5766.0,"    Lippe, Kreis",10,2234,2,1408,2,171,1,811
31.12.2010,5770.0,"    Minden-Lübbecke, Kreis",10,2234,5,1687,3,135,2,498
31.12.2010,5774.0,"    Paderborn, Kreis",10,2234,2,416,3,135,4,1373
31.12.2010,59.0,"  Arnsberg, Regierungsbezirk",10,2234,24,7760,11,1421,68,18513
31.12.2010,5911.0,"    Bochum, krfr. Stadt",10,2234,3,1240,1,164,4,1886
31.12.2010,5913.0,"    Dortmund, krfr. Stadt",10,2234,5,2582,1,164,7,1751
31.12.2010,5914.0,"    Hagen, krfr. Stadt",10,2234,5,2582,1,80,4,1687
31.12.2010,5915.0,"    Hamm, krfr. Stadt",10,2234,1,110,1,80,5,1765
31.12.2010,5916.0,"    Herne, krfr. Stadt",10,2234,1,110,1,80,5,1614
31.12.2010,5954.0,    Ennepe-Ruhr-Kreis,10,2234,1,110,1,386,8,1762
31.12.2010,5958.0,    Hochsauerlandkreis,10,2234,4,589,2,146,8,1424
31.12.2010,5962.0,    Märkischer Kreis,10,2234,5,1558,2,153,5,1352
31.12.2010,5966.0,"    Olpe, Kreis",10,2234,5,1558,1,286,2,546
31.12.2010,5970.0,"    Siegen-Wittgenstein, Kreis",10,2234,1,590,2,197,4,1434
31.12.2010,5974.0,"    Soest, Kreis",10,2234,3,724,1,9,8,1425
31.12.2010,5978.0,"    Unna, Kreis",10,2234,2,367,1,9,8,1867
31.12.2009,5.0,Nordrhein-Westfalen,10,2234,86,37581,47,6965,280,77771
31.12.2009,51.0,"  Düsseldorf, Regierungsbezirk",10,2234,20,8765,14,3762,78,24683
31.12.2009,5111.0,"    Düsseldorf, krfr. Stadt",10,2234,2,1685,4,798,8,2763
31.12.2009,5112.0,"    Duisburg, krfr. Stadt",10,2234,2,905,4,798,8,3528
31.12.2009,5113.0,"    Essen, krfr. Stadt",10,2234,3,1597,2,40,10,3942
31.12.2009,5114.0,"    Krefeld, krfr. Stadt",10,2234,3,1597,2,1179,3,908
31.12.2009,5116.0,"    Mönchengladbach, krfr. Stadt",10,2234,2,695,1,30,3,1479
31.12.2009,5117.0,"    Mülheim an der Ruhr, krfr. Stadt",10,2234,2,695,1,30,2,929
31.12.2009,5119.0,"    Oberhausen, krfr. Stadt",10,2234,2,695,1,203,3,1313
31.12.2009,5120.0,"    Remscheid, krfr. Stadt",10,2234,2,695,2,503,2,469
31.12.2009,5122.0,"    Solingen, krfr. Stadt",10,2234,1,698,2,503,3,447
31.12.2009,5124.0,"    Wuppertal, krfr. Stadt",10,2234,1,698,1,961,4,1163
31.12.2009,5154.0,"    Kleve, Kreis",10,2234,1,305,1,961,6,1490
31.12.2009,5158.0,"    Mettmann, Kreis",10,2234,2,897,1,48,10,1600
31.12.2009,5162.0,    Rhein-Kreis Neuss,10,2234,3,1204,1,48,4,843
31.12.2009,5166.0,"    Viersen, Kreis",10,2234,4,779,1,48,4,946
31.12.2009,5170.0,"    Wesel, Kreis",10,2234,4,779,1,48,8,2863
31.12.2009,53.0,"  Köln, Regierungsbezirk",10,2234,20,11078,11,1072,59,13893
31.12.2009,5313.0,"    Aachen, krfr. Stadt",10,2234,20,11078,11,1072,59,13893
31.12.2009,5314.0,"    Bonn, krfr. Stadt",10,2234,2,1908,2,110,6,2099
31.12.2009,5315.0,"    Köln, krfr. Stadt",10,2234,6,3639,1,30,16,3516
31.12.2009,5316.0,"    Leverkusen, krfr. Stadt",10,2234,1,735,1,30,1,360
31.12.2009,5334.0,    Städteregion Aachen (einschl. Stadt Aachen),10,2234,2,1989,1,19,7,1827
31.12.2009,5354.0,"    Aachen, Kreis",10,2234,2,1989,1,19,7,1827
31.12.2009,5358.0,"    Düren, Kreis",10,2234,2,897,1,18,4,964
31.12.2009,5362.0,    Rhein-Erft-Kreis,10,2234,2,897,3,236,6,1261
31.12.2009,5366.0,"    Euskirchen, Kreis",10,2234,1,403,3,236,3,691
31.12.2009,5370.0,"    Heinsberg, Kreis",10,2234,1,205,1,93,3,666
31.12.2009,5374.0,    Oberbergischer Kreis,10,2234,3,1057,1,93,3,629
31.12.2009,5378.0,    Rheinisch-Bergischer Kreis,10,2234,2,245,1,93,3,912
31.12.2009,5382.0,    Rhein-Sieg-Kreis,10,2234,2,245,2,566,7,968
31.12.2009,55.0,"  Münster, Regierungsbezirk",10,2234,9,3782,3,184,52,14241
31.12.2009,5512.0,"    Bottrop, krfr. Stadt",10,2234,1,346,3,184,2,460
31.12.2009,5513.0,"    Gelsenkirchen, krfr. Stadt",10,2234,1,368,3,184,5,1818
31.12.2009,5515.0,"    Münster, krfr. Stadt",10,2234,2,1619,3,184,7,2068
31.12.2009,5554.0,"    Borken, Kreis",10,2234,2,1619,2,53,9,1876
31.12.2009,5558.0,"    Coesfeld, Kreis",10,2234,2,1619,2,53,3,862
31.12.2009,5562.0,"    Recklinghausen, Kreis",10,2234,4,1093,2,53,13,3772
31.12.2009,5566.0,"    Steinfurt, Kreis",10,2234,1,356,1,131,7,1815
31.12.2009,5570.0,"    Warendorf, Kreis",10,2234,1,356,1,131,6,1570
31.12.2009,57.0,"  Detmold, Regierungsbezirk",10,2234,14,6210,8,529,21,6336
31.12.2009,5711.0,"    Bielefeld, krfr. Stadt",10,2234,1,967,1,13,5,2446
31.12.2009,5754.0,"    Gütersloh, Kreis",10,2234,3,956,1,13,2,622
31.12.2009,5758.0,"    Herford, Kreis",10,2234,1,672,1,13,3,619
31.12.2009,5762.0,"    Höxter, Kreis",10,2234,1,672,1,153,4,825
31.12.2009,5766.0,"    Lippe, Kreis",10,2234,2,1401,2,168,1,825
31.12.2009,5770.0,"    Minden-Lübbecke, Kreis",10,2234,5,1746,3,135,2,487
31.12.2009,5774.0,"    Paderborn, Kreis",10,2234,2,468,1,60,4,1337
31.12.2009,59.0,"  Arnsberg, Regierungsbezirk",10,2234,23,7746,11,1418,70,18618
31.12.2009,5911.0,"    Bochum, krfr. Stadt",10,2234,3,1204,1,161,4,1886
31.12.2009,5913.0,"    Dortmund, krfr. Stadt",10,2234,4,2585,1,161,7,1751
31.12.2009,5914.0,"    Hagen, krfr. Stadt",10,2234,4,2585,1,80,4,1687
31.12.2009,5915.0,"    Hamm, krfr. Stadt",10,2234,1,110,1,80,5,1771
31.12.2009,5916.0,"    Herne, krfr. Stadt",10,2234,1,110,1,80,5,1614
31.12.2009,5954.0,    Ennepe-Ruhr-Kreis,10,2234,1,110,1,386,8,1756
31.12.2009,5958.0,    Hochsauerlandkreis,10,2234,4,570,2,146,8,1427
31.12.2009,5962.0,    Märkischer Kreis,10,2234,5,1594,2,153,7,1415
31.12.2009,5966.0,"    Olpe, Kreis",10,2234,5,1594,1,286,2,546
31.12.2009,5970.0,"    Siegen-Wittgenstein, Kreis",10,2234,1,590,2,197,4,1448
31.12.2009,5974.0,"    Soest, Kreis",10,2234,3,726,1,9,8,1450
31.12.2009,5978.0,"    Unna, Kreis",10,2234,2,367,1,9,8,1867
31.12.2008,5.0,Nordrhein-Westfalen,10,2234,83,36887,48,6879,287,79037
31.12.2008,51.0,"  Düsseldorf, Regierungsbezirk",10,2234,20,8739,14,3833,78,24701
31.12.2008,5111.0,"    Düsseldorf, krfr. Stadt",10,2234,2,1665,4,798,8,2749
31.12.2008,5112.0,"    Duisburg, krfr. Stadt",10,2234,2,905,4,798,8,3512
31.12.2008,5113.0,"    Essen, krfr. Stadt",10,2234,3,1588,2,42,10,3945
31.12.2008,5114.0,"    Krefeld, krfr. Stadt",10,2234,3,1588,2,1206,3,908
31.12.2008,5116.0,"    Mönchengladbach, krfr. Stadt",10,2234,2,695,1,30,3,1479
31.12.2008,5117.0,"    Mülheim an der Ruhr, krfr. Stadt",10,2234,2,695,1,30,2,929
31.12.2008,5119.0,"    Oberhausen, krfr. Stadt",10,2234,2,695,1,203,3,1323
31.12.2008,5120.0,"    Remscheid, krfr. Stadt",10,2234,2,695,2,545,2,469
31.12.2008,5122.0,"    Solingen, krfr. Stadt",10,2234,1,698,2,545,3,447
31.12.2008,5124.0,"    Wuppertal, krfr. Stadt",10,2234,1,698,1,961,4,1156
31.12.2008,5154.0,"    Kleve, Kreis",10,2234,1,305,1,961,6,1490
31.12.2008,5158.0,"    Mettmann, Kreis",10,2234,2,897,1,48,10,1600
31.12.2008,5162.0,    Rhein-Kreis Neuss,10,2234,3,1204,1,48,4,813
31.12.2008,5166.0,"    Viersen, Kreis",10,2234,4,782,1,48,4,946
31.12.2008,5170.0,"    Wesel, Kreis",10,2234,4,782,1,48,8,2935
31.12.2008,53.0,"  Köln, Regierungsbezirk",10,2234,18,10538,10,961,62,14599
31.12.2008,5313.0,"    Aachen, krfr. Stadt",10,2234,1,1313,10,961,4,988
31.12.2008,5314.0,"    Bonn, krfr. Stadt",10,2234,2,1908,2,110,6,2099
31.12.2008,5315.0,"    Köln, krfr. Stadt",10,2234,5,3106,1,30,17,3993
31.12.2008,5316.0,"    Leverkusen, krfr. Stadt",10,2234,1,735,1,30,1,360
31.12.2008,5334.0,    Städteregion Aachen (einschl. Stadt Aachen),10,2234,1,735,1,30,1,360
31.12.2008,5354.0,"    Aachen, Kreis",10,2234,1,677,1,19,3,907
31.12.2008,5358.0,"    Düren, Kreis",10,2234,2,897,1,18,4,964
31.12.2008,5362.0,    Rhein-Erft-Kreis,10,2234,2,897,3,218,6,1287
31.12.2008,5366.0,"    Euskirchen, Kreis",10,2234,1,403,3,218,3,691
31.12.2008,5370.0,"    Heinsberg, Kreis",10,2234,1,205,3,218,4,759
31.12.2008,5374.0,    Oberbergischer Kreis,10,2234,3,1091,3,218,3,629
31.12.2008,5378.0,    Rheinisch-Bergischer Kreis,10,2234,1,203,3,218,4,954
31.12.2008,5382.0,    Rhein-Sieg-Kreis,10,2234,1,203,2,566,7,968
31.12.2008,55.0,"  Münster, Regierungsbezirk",10,2234,9,3785,3,176,53,14213
31.12.2008,5512.0,"    Bottrop, krfr. Stadt",10,2234,1,346,3,176,2,458
31.12.2008,5513.0,"    Gelsenkirchen, krfr. Stadt",10,2234,1,368,3,176,5,1795
31.12.2008,5515.0,"    Münster, krfr. Stadt",10,2234,2,1619,3,176,7,2053
31.12.2008,5554.0,"    Borken, Kreis",10,2234,2,1619,2,54,9,1876
31.12.2008,5558.0,"    Coesfeld, Kreis",10,2234,2,1619,2,54,4,871
31.12.2008,5562.0,"    Recklinghausen, Kreis",10,2234,4,1096,2,54,13,3775
31.12.2008,5566.0,"    Steinfurt, Kreis",10,2234,1,356,1,122,7,1815
31.12.2008,5570.0,"    Warendorf, Kreis",10,2234,1,356,1,122,6,1570
31.12.2008,57.0,"  Detmold, Regierungsbezirk",10,2234,13,6028,7,376,24,6875
31.12.2008,5711.0,"    Bielefeld, krfr. Stadt",10,2234,1,967,1,13,5,2429
31.12.2008,5754.0,"    Gütersloh, Kreis",10,2234,2,823,1,13,3,755
31.12.2008,5758.0,"    Herford, Kreis",10,2234,1,672,1,13,3,619
31.12.2008,5762.0,"    Höxter, Kreis",10,2234,1,153,1,13,4,825
31.12.2008,5766.0,"    Lippe, Kreis",10,2234,2,1401,2,168,2,120
31.12.2008,5770.0,"    Minden-Lübbecke, Kreis",10,2234,5,1804,3,135,2,530
31.12.2008,5774.0,"    Paderborn, Kreis",10,2234,1,208,1,60,5,1597
31.12.2008,59.0,"  Arnsberg, Regierungsbezirk",10,2234,23,7797,14,1533,70,18649
31.12.2008,5911.0,"    Bochum, krfr. Stadt",10,2234,3,1244,1,161,4,1886
31.12.2008,5913.0,"    Dortmund, krfr. Stadt",10,2234,4,2605,1,35,7,1759
31.12.2008,5914.0,"    Hagen, krfr. Stadt",10,2234,4,2605,1,80,4,1687
31.12.2008,5915.0,"    Hamm, krfr. Stadt",10,2234,1,110,1,80,5,1768
31.12.2008,5916.0,"    Herne, krfr. Stadt",10,2234,1,110,1,80,5,1614
31.12.2008,5954.0,    Ennepe-Ruhr-Kreis,10,2234,1,110,1,386,8,1740
31.12.2008,5958.0,    Hochsauerlandkreis,10,2234,4,570,4,226,8,1427
31.12.2008,5962.0,    Märkischer Kreis,10,2234,5,1571,2,153,7,1415
31.12.2008,5966.0,"    Olpe, Kreis",10,2234,5,1571,1,286,2,546
31.12.2008,5970.0,"    Siegen-Wittgenstein, Kreis",10,2234,1,590,2,197,4,1440
31.12.2008,5974.0,"    Soest, Kreis",10,2234,3,726,1,9,8,1500
31.12.2008,5978.0,"    Unna, Kreis",10,2234,2,381,1,9,8,1867
31.12.2007,5.0,Nordrhein-Westfalen,10,2234,87,38068,47,5782,298,80046
31.12.2007,51.0,"  Düsseldorf, Regierungsbezirk",10,2234,23,9918,12,2648,83,24943
31.12.2007,5111.0,"    Düsseldorf, krfr. Stadt",10,2234,2,1664,4,798,8,2708
31.12.2007,5112.0,"    Duisburg, krfr. Stadt",10,2234,2,905,4,798,8,3512
31.12.2007,5113.0,"    Essen, krfr. Stadt",10,2234,3,1624,2,45,10,4005
31.12.2007,5114.0,"    Krefeld, krfr. Stadt",10,2234,2,1154,2,45,4,908
31.12.2007,5116.0,"    Mönchengladbach, krfr. Stadt",10,2234,2,695,1,30,3,1479
31.12.2007,5117.0,"    Mülheim an der Ruhr, krfr. Stadt",10,2234,2,695,1,30,2,920
31.12.2007,5119.0,"    Oberhausen, krfr. Stadt",10,2234,2,695,1,203,4,1330
31.12.2007,5120.0,"    Remscheid, krfr. Stadt",10,2234,2,695,2,563,2,683
31.12.2007,5122.0,"    Solingen, krfr. Stadt",10,2234,1,698,2,563,3,441
31.12.2007,5124.0,"    Wuppertal, krfr. Stadt",10,2234,1,698,1,961,6,1156
31.12.2007,5154.0,"    Kleve, Kreis",10,2234,1,305,1,961,6,1490
31.12.2007,5158.0,"    Mettmann, Kreis",10,2234,2,897,1,48,10,1600
31.12.2007,5162.0,    Rhein-Kreis Neuss,10,2234,4,1204,1,48,5,807
31.12.2007,5166.0,"    Viersen, Kreis",10,2234,4,772,1,48,4,937
31.12.2007,5170.0,"    Wesel, Kreis",10,2234,4,772,1,48,8,2967
31.12.2007,53.0,"  Köln, Regierungsbezirk",10,2234,18,10528,11,1002,64,14703
31.12.2007,5313.0,"    Aachen, krfr. Stadt",10,2234,1,1320,11,1002,4,1009
31.12.2007,5314.0,"    Bonn, krfr. Stadt",10,2234,2,1908,2,136,6,2099
31.12.2007,5315.0,"    Köln, krfr. Stadt",10,2234,5,3068,2,45,17,4014
31.12.2007,5316.0,"    Leverkusen, krfr. Stadt",10,2234,1,735,2,45,2,360
31.12.2007,5334.0,    Städteregion Aachen (einschl. Stadt Aachen),10,2234,1,735,2,45,2,360
31.12.2007,5354.0,"    Aachen, Kreis",10,2234,1,677,1,19,3,917
31.12.2007,5358.0,"    Düren, Kreis",10,2234,2,897,1,18,4,964
31.12.2007,5362.0,    Rhein-Erft-Kreis,10,2234,2,897,3,218,6,1287
31.12.2007,5366.0,"    Euskirchen, Kreis",10,2234,1,403,3,218,3,702
31.12.2007,5370.0,"    Heinsberg, Kreis",10,2234,1,205,3,218,4,759
31.12.2007,5374.0,    Oberbergischer Kreis,10,2234,3,1112,3,218,4,668
31.12.2007,5378.0,    Rheinisch-Bergischer Kreis,10,2234,1,203,3,218,4,954
31.12.2007,5382.0,    Rhein-Sieg-Kreis,10,2234,1,203,2,566,7,970
31.12.2007,55.0,"  Münster, Regierungsbezirk",10,2234,10,3839,3,182,53,14237
31.12.2007,5512.0,"    Bottrop, krfr. Stadt",10,2234,1,346,3,182,2,458
31.12.2007,5513.0,"    Gelsenkirchen, krfr. Stadt",10,2234,2,380,3,182,5,1784
31.12.2007,5515.0,"    Münster, krfr. Stadt",10,2234,2,1649,3,182,7,2047
31.12.2007,5554.0,"    Borken, Kreis",10,2234,2,1649,2,54,9,1876
31.12.2007,5558.0,"    Coesfeld, Kreis",10,2234,2,1649,2,54,4,883
31.12.2007,5562.0,"    Recklinghausen, Kreis",10,2234,4,1108,2,54,13,3792
31.12.2007,5566.0,"    Steinfurt, Kreis",10,2234,1,356,1,128,7,1815
31.12.2007,5570.0,"    Warendorf, Kreis",10,2234,1,356,1,128,6,1582
31.12.2007,57.0,"  Detmold, Regierungsbezirk",10,2234,13,5965,7,376,26,7354
31.12.2007,5711.0,"    Bielefeld, krfr. Stadt",10,2234,1,890,1,13,6,2573
31.12.2007,5754.0,"    Gütersloh, Kreis",10,2234,2,890,1,13,3,857
31.12.2007,5758.0,"    Herford, Kreis",10,2234,1,672,1,13,3,619
31.12.2007,5762.0,"    Höxter, Kreis",10,2234,1,153,1,13,4,904
31.12.2007,5766.0,"    Lippe, Kreis",10,2234,3,1401,2,168,2,120
31.12.2007,5770.0,"    Minden-Lübbecke, Kreis",10,2234,4,1751,3,135,3,669
31.12.2007,5774.0,"    Paderborn, Kreis",10,2234,1,208,1,60,5,1612
31.12.2007,59.0,"  Arnsberg, Regierungsbezirk",10,2234,23,7818,14,1574,72,18809
31.12.2007,5911.0,"    Bochum, krfr. Stadt",10,2234,3,1244,1,171,4,1886
31.12.2007,5913.0,"    Dortmund, krfr. Stadt",10,2234,4,2605,1,35,7,1758
31.12.2007,5914.0,"    Hagen, krfr. Stadt",10,2234,4,2605,1,80,4,1687
31.12.2007,5915.0,"    Hamm, krfr. Stadt",10,2234,1,110,1,80,5,1811
31.12.2007,5916.0,"    Herne, krfr. Stadt",10,2234,1,110,1,80,5,1614
31.12.2007,5954.0,    Ennepe-Ruhr-Kreis,10,2234,1,110,1,386,8,1754
31.12.2007,5958.0,    Hochsauerlandkreis,10,2234,4,570,4,226,8,1427
31.12.2007,5962.0,    Märkischer Kreis,10,2234,5,1608,2,184,7,1519
31.12.2007,5966.0,"    Olpe, Kreis",10,2234,5,1608,1,286,2,546
31.12.2007,5970.0,"    Siegen-Wittgenstein, Kreis",10,2234,1,590,2,197,6,1440
31.12.2007,5974.0,"    Soest, Kreis",10,2234,3,726,1,9,8,1500
31.12.2007,5978.0,"    Unna, Kreis",10,2234,2,365,1,9,8,1867
31.12.2006,5.0,Nordrhein-Westfalen,437,125003,89,39018,45,5085,303,80900
31.12.2006,51.0,"  Düsseldorf, Regierungsbezirk",119,37760,24,10595,10,2007,85,25158
31.12.2006,5111.0,"    Düsseldorf, krfr. Stadt",15,5230,4,2286,2,161,9,2783
31.12.2006,5112.0,"    Duisburg, krfr. Stadt",10,4364,2,871,2,161,8,3493
31.12.2006,5113.0,"    Essen, krfr. Stadt",15,5695,3,1643,2,43,10,4009
31.12.2006,5114.0,"    Krefeld, krfr. Stadt",6,2150,2,1223,2,43,4,927
31.12.2006,5116.0,"    Mönchengladbach, krfr. Stadt",6,2204,2,695,1,30,3,1479
31.12.2006,5117.0,"    Mülheim an der Ruhr, krfr. Stadt",2,967,2,695,1,30,2,967
31.12.2006,5119.0,"    Oberhausen, krfr. Stadt",5,1558,2,695,1,203,4,1355
31.12.2006,5120.0,"    Remscheid, krfr. Stadt",4,1244,2,695,2,561,2,683
31.12.2006,5122.0,"    Solingen, krfr. Stadt",4,1125,1,698,2,561,3,427
31.12.2006,5124.0,"    Wuppertal, krfr. Stadt",7,2117,1,698,1,961,6,1156
31.12.2006,5154.0,"    Kleve, Kreis",7,1795,1,305,1,961,6,1490
31.12.2006,5158.0,"    Mettmann, Kreis",14,2650,2,912,1,48,11,1690
31.12.2006,5162.0,    Rhein-Kreis Neuss,8,2004,3,1186,1,48,5,818
31.12.2006,5166.0,"    Viersen, Kreis",8,1690,4,776,1,48,4,914
31.12.2006,5170.0,"    Wesel, Kreis",8,2967,4,776,1,48,8,2967
31.12.2006,53.0,"  Köln, Regierungsbezirk",93,26556,18,10580,12,1030,63,14946
31.12.2006,5313.0,"    Aachen, krfr. Stadt",5,2462,1,1444,12,1030,4,1018
31.12.2006,5314.0,"    Bonn, krfr. Stadt",10,4151,2,1882,2,136,6,2133
31.12.2006,5315.0,"    Köln, krfr. Stadt",24,7160,5,3009,2,45,17,4106
31.12.2006,5316.0,"    Leverkusen, krfr. Stadt",3,1095,1,735,2,45,2,360
31.12.2006,5334.0,    Städteregion Aachen (einschl. Stadt Aachen),3,1095,1,735,2,45,2,360
31.12.2006,5354.0,"    Aachen, Kreis",5,1623,1,677,1,18,3,928
31.12.2006,5358.0,"    Düren, Kreis",7,1942,2,927,1,11,4,1004
31.12.2006,5362.0,    Rhein-Erft-Kreis,9,1525,2,927,3,218,6,1307
31.12.2006,5366.0,"    Euskirchen, Kreis",4,1109,1,403,3,218,3,706
31.12.2006,5370.0,"    Heinsberg, Kreis",5,977,1,205,3,218,4,772
31.12.2006,5374.0,    Oberbergischer Kreis,7,1787,3,1095,3,218,4,692
31.12.2006,5378.0,    Rheinisch-Bergischer Kreis,5,1151,1,203,1,36,3,912
31.12.2006,5382.0,    Rhein-Sieg-Kreis,9,1574,1,203,2,566,7,1008
31.12.2006,55.0,"  Münster, Regierungsbezirk",66,18479,10,3874,3,184,53,14421
31.12.2006,5512.0,"    Bottrop, krfr. Stadt",3,810,1,346,3,184,2,464
31.12.2006,5513.0,"    Gelsenkirchen, krfr. Stadt",7,2204,2,418,3,184,5,1786
31.12.2006,5515.0,"    Münster, krfr. Stadt",9,3757,2,1631,3,184,7,2126
31.12.2006,5554.0,"    Borken, Kreis",11,1930,2,1631,2,54,9,1876
31.12.2006,5558.0,"    Coesfeld, Kreis",4,883,2,1631,2,54,4,883
31.12.2006,5562.0,"    Recklinghausen, Kreis",17,5012,4,1123,2,54,13,3889
31.12.2006,5566.0,"    Steinfurt, Kreis",9,2301,1,356,1,130,7,1815
31.12.2006,5570.0,"    Warendorf, Kreis",6,1582,1,356,1,130,6,1582
31.12.2006,57.0,"  Detmold, Regierungsbezirk",47,13683,14,6006,7,386,26,7291
31.12.2006,5711.0,"    Bielefeld, krfr. Stadt",8,3447,1,868,1,13,6,2566
31.12.2006,5754.0,"    Gütersloh, Kreis",5,1747,2,890,1,13,3,857
31.12.2006,5758.0,"    Herford, Kreis",4,1291,1,672,1,13,3,619
31.12.2006,5762.0,"    Höxter, Kreis",5,1027,1,173,1,13,4,854
31.12.2006,5766.0,"    Lippe, Kreis",8,1689,4,1401,2,168,2,120
31.12.2006,5770.0,"    Minden-Lübbecke, Kreis",10,2602,4,1794,3,145,3,663
31.12.2006,5774.0,"    Paderborn, Kreis",7,1880,1,208,1,60,5,1612
31.12.2006,59.0,"  Arnsberg, Regierungsbezirk",112,28525,23,7963,13,1478,76,19084
31.12.2006,5911.0,"    Bochum, krfr. Stadt",10,3300,3,1244,1,167,6,1889
31.12.2006,5913.0,"    Dortmund, krfr. Stadt",12,4421,4,2612,1,35,7,1774
31.12.2006,5914.0,"    Hagen, krfr. Stadt",5,1759,4,2612,1,80,4,1679
31.12.2006,5915.0,"    Hamm, krfr. Stadt",6,1925,1,110,1,80,5,1815
31.12.2006,5916.0,"    Herne, krfr. Stadt",5,1614,1,110,1,80,5,1614
31.12.2006,5954.0,    Ennepe-Ruhr-Kreis,10,2241,1,110,1,386,9,1855
31.12.2006,5958.0,    Hochsauerlandkreis,16,2265,4,595,3,134,9,1536
31.12.2006,5962.0,    Märkischer Kreis,14,3392,5,1704,2,184,7,1504
31.12.2006,5966.0,"    Olpe, Kreis",3,858,5,1704,1,286,2,572
31.12.2006,5970.0,"    Siegen-Wittgenstein, Kreis",9,2242,1,595,2,197,6,1450
31.12.2006,5974.0,"    Soest, Kreis",12,2245,3,738,1,9,8,1498
31.12.2006,5978.0,"    Unna, Kreis",10,2263,2,365,1,9,8,1898
31.12.2005,5.0,Nordrhein-Westfalen,444,127405,89,39596,44,5046,311,82763
31.12.2005,51.0,"  Düsseldorf, Regierungsbezirk",119,38016,24,10754,10,2049,85,25213
31.12.2005,5111.0,"    Düsseldorf, krfr. Stadt",15,5316,4,2386,2,173,9,2757
31.12.2005,5112.0,"    Duisburg, krfr. Stadt",10,4411,2,862,2,173,8,3549
31.12.2005,5113.0,"    Essen, krfr. Stadt",15,5640,3,1651,2,43,10,3946
31.12.2005,5114.0,"    Krefeld, krfr. Stadt",6,2137,2,1223,2,43,4,914
31.12.2005,5116.0,"    Mönchengladbach, krfr. Stadt",6,2204,2,695,1,30,3,1479
31.12.2005,5117.0,"    Mülheim an der Ruhr, krfr. Stadt",2,968,2,695,1,30,2,968
31.12.2005,5119.0,"    Oberhausen, krfr. Stadt",5,1598,2,695,1,203,4,1395
31.12.2005,5120.0,"    Remscheid, krfr. Stadt",4,1246,2,695,2,585,2,661
31.12.2005,5122.0,"    Solingen, krfr. Stadt",4,1125,1,698,2,585,3,427
31.12.2005,5124.0,"    Wuppertal, krfr. Stadt",7,2121,1,698,1,967,6,1154
31.12.2005,5154.0,"    Kleve, Kreis",7,1816,1,326,1,967,6,1490
31.12.2005,5158.0,"    Mettmann, Kreis",14,2709,2,912,1,48,11,1749
31.12.2005,5162.0,    Rhein-Kreis Neuss,8,2009,3,1186,1,48,5,823
31.12.2005,5166.0,"    Viersen, Kreis",8,1729,4,815,1,48,4,914
31.12.2005,5170.0,"    Wesel, Kreis",8,2987,4,815,1,48,8,2987
31.12.2005,53.0,"  Köln, Regierungsbezirk",96,27264,18,10748,13,1084,65,15432
31.12.2005,5313.0,"    Aachen, krfr. Stadt",5,2479,1,1460,13,1084,4,1019
31.12.2005,5314.0,"    Bonn, krfr. Stadt",11,4353,2,1882,2,136,7,2335
31.12.2005,5315.0,"    Köln, krfr. Stadt",25,7388,5,3079,3,99,17,4210
31.12.2005,5316.0,"    Leverkusen, krfr. Stadt",3,1095,1,735,3,99,2,360
31.12.2005,5334.0,    Städteregion Aachen (einschl. Stadt Aachen),3,1095,1,735,3,99,2,360
31.12.2005,5354.0,"    Aachen, Kreis",5,1653,1,705,1,18,3,930
31.12.2005,5358.0,"    Düren, Kreis",7,1962,2,927,1,11,4,1024
31.12.2005,5362.0,    Rhein-Erft-Kreis,9,1553,2,927,3,218,6,1335
31.12.2005,5366.0,"    Euskirchen, Kreis",4,1163,1,423,3,218,3,740
31.12.2005,5370.0,"    Heinsberg, Kreis",5,988,1,215,3,218,4,773
31.12.2005,5374.0,    Oberbergischer Kreis,7,1811,3,1119,3,218,4,692
31.12.2005,5378.0,    Rheinisch-Bergischer Kreis,5,1150,1,203,1,36,3,911
31.12.2005,5382.0,    Rhein-Sieg-Kreis,10,1669,1,203,2,566,8,1103
31.12.2005,55.0,"  Münster, Regierungsbezirk",68,19046,10,3903,2,54,56,15089
31.12.2005,5512.0,"    Bottrop, krfr. Stadt",3,865,1,348,2,54,2,517
31.12.2005,5513.0,"    Gelsenkirchen, krfr. Stadt",8,2354,2,418,2,54,6,1936
31.12.2005,5515.0,"    Münster, krfr. Stadt",9,3869,2,1672,2,54,7,2197
31.12.2005,5554.0,"    Borken, Kreis",11,2003,2,1672,2,54,9,1949
31.12.2005,5558.0,"    Coesfeld, Kreis",5,914,2,1672,2,54,5,914
31.12.2005,5562.0,"    Recklinghausen, Kreis",17,5067,4,1144,2,54,13,3923
31.12.2005,5566.0,"    Steinfurt, Kreis",9,2381,1,321,2,54,8,2060
31.12.2005,5570.0,"    Warendorf, Kreis",6,1593,1,321,2,54,6,1593
31.12.2005,57.0,"  Detmold, Regierungsbezirk",48,14001,15,6239,6,337,27,7425
31.12.2005,5711.0,"    Bielefeld, krfr. Stadt",9,3451,2,872,1,13,6,2566
31.12.2005,5754.0,"    Gütersloh, Kreis",5,1727,2,870,1,13,3,857
31.12.2005,5758.0,"    Herford, Kreis",4,1390,1,743,1,13,3,647
31.12.2005,5762.0,"    Höxter, Kreis",5,1100,1,202,1,13,4,898
31.12.2005,5766.0,"    Lippe, Kreis",8,1698,4,1399,2,179,2,120
31.12.2005,5770.0,"    Minden-Lübbecke, Kreis",10,2755,4,1945,3,145,3,665
31.12.2005,5774.0,"    Paderborn, Kreis",7,1880,1,208,3,145,6,1672
31.12.2005,59.0,"  Arnsberg, Regierungsbezirk",113,29078,22,7952,13,1522,78,19604
31.12.2005,5911.0,"    Bochum, krfr. Stadt",10,3333,3,1265,1,171,6,1897
31.12.2005,5913.0,"    Dortmund, krfr. Stadt",12,4520,4,2673,1,35,7,1812
31.12.2005,5914.0,"    Hagen, krfr. Stadt",5,1738,4,2673,1,80,4,1658
31.12.2005,5915.0,"    Hamm, krfr. Stadt",6,1945,1,110,1,80,5,1835
31.12.2005,5916.0,"    Herne, krfr. Stadt",6,1691,1,110,1,80,6,1691
31.12.2005,5954.0,    Ennepe-Ruhr-Kreis,10,2355,1,110,1,420,9,1935
31.12.2005,5958.0,    Hochsauerlandkreis,16,2300,4,594,3,134,9,1572
31.12.2005,5962.0,    Märkischer Kreis,14,3438,4,1559,2,184,8,1695
31.12.2005,5966.0,"    Olpe, Kreis",3,866,4,1559,1,294,2,572
31.12.2005,5970.0,"    Siegen-Wittgenstein, Kreis",9,2259,1,609,2,197,6,1453
31.12.2005,5974.0,"    Soest, Kreis",12,2298,3,747,1,7,8,1544
31.12.2005,5978.0,"    Unna, Kreis",10,2335,2,395,1,7,8,1940
31.12.2004,5.0,Nordrhein-Westfalen,456,130489,90,40245,49,5845,317,84399
31.12.2004,51.0,"  Düsseldorf, Regierungsbezirk",126,38877,25,10997,11,2170,90,25710
31.12.2004,5111.0,"    Düsseldorf, krfr. Stadt",16,5534,4,2520,2,173,10,2841
31.12.2004,5112.0,"    Duisburg, krfr. Stadt",11,4448,2,860,2,173,9,3588
31.12.2004,5113.0,"    Essen, krfr. Stadt",16,5837,3,1683,2,43,11,4111
31.12.2004,5114.0,"    Krefeld, krfr. Stadt",6,2172,2,1223,2,43,4,949
31.12.2004,5116.0,"    Mönchengladbach, krfr. Stadt",8,2251,3,721,1,30,4,1500
31.12.2004,5117.0,"    Mülheim an der Ruhr, krfr. Stadt",3,937,3,721,1,30,3,937
31.12.2004,5119.0,"    Oberhausen, krfr. Stadt",5,1656,3,721,1,232,4,1424
31.12.2004,5120.0,"    Remscheid, krfr. Stadt",4,1353,3,721,2,660,2,693
31.12.2004,5122.0,"    Solingen, krfr. Stadt",4,1130,1,698,2,660,3,432
31.12.2004,5124.0,"    Wuppertal, krfr. Stadt",7,2114,1,698,1,961,6,1153
31.12.2004,5154.0,"    Kleve, Kreis",7,1822,1,326,1,961,6,1496
31.12.2004,5158.0,"    Mettmann, Kreis",14,2767,2,915,1,48,11,1804
31.12.2004,5162.0,    Rhein-Kreis Neuss,9,2086,3,1221,1,23,5,842
31.12.2004,5166.0,"    Viersen, Kreis",8,1752,4,830,1,23,4,922
31.12.2004,5170.0,"    Wesel, Kreis",8,3018,4,830,1,23,8,3018
31.12.2004,53.0,"  Köln, Regierungsbezirk",97,27952,17,10807,14,1212,66,15933
31.12.2004,5313.0,"    Aachen, krfr. Stadt",6,2527,1,1458,1,27,4,1042
31.12.2004,5314.0,"    Bonn, krfr. Stadt",11,4403,2,1979,2,136,7,2288
31.12.2004,5315.0,"    Köln, krfr. Stadt",25,7662,5,3197,3,99,17,4366
31.12.2004,5316.0,"    Leverkusen, krfr. Stadt",3,1095,1,735,3,99,2,360
31.12.2004,5334.0,    Städteregion Aachen (einschl. Stadt Aachen),3,1095,1,735,3,99,2,360
31.12.2004,5354.0,"    Aachen, Kreis",5,1663,1,705,1,18,3,940
31.12.2004,5358.0,"    Düren, Kreis",7,2023,2,987,1,16,4,1020
31.12.2004,5362.0,    Rhein-Erft-Kreis,9,1558,2,987,3,223,6,1335
31.12.2004,5366.0,"    Euskirchen, Kreis",4,1183,1,423,3,223,3,760
31.12.2004,5370.0,"    Heinsberg, Kreis",5,1018,1,215,3,223,4,803
31.12.2004,5374.0,    Oberbergischer Kreis,7,1820,3,1108,3,223,4,712
31.12.2004,5378.0,    Rheinisch-Bergischer Kreis,5,1217,3,1108,1,116,4,1101
31.12.2004,5382.0,    Rhein-Sieg-Kreis,10,1783,3,1108,2,577,8,1206
31.12.2004,55.0,"  Münster, Regierungsbezirk",69,19273,10,3948,2,60,57,15265
31.12.2004,5512.0,"    Bottrop, krfr. Stadt",3,865,1,348,2,60,2,517
31.12.2004,5513.0,"    Gelsenkirchen, krfr. Stadt",8,2363,2,418,2,60,6,1945
31.12.2004,5515.0,"    Münster, krfr. Stadt",9,3910,2,1699,2,60,7,2211
31.12.2004,5554.0,"    Borken, Kreis",11,2074,2,1699,2,60,9,2014
31.12.2004,5558.0,"    Coesfeld, Kreis",5,958,2,1699,2,60,5,958
31.12.2004,5562.0,"    Recklinghausen, Kreis",17,5112,4,1162,2,60,13,3950
31.12.2004,5566.0,"    Steinfurt, Kreis",10,2376,1,321,2,60,9,2055
31.12.2004,5570.0,"    Warendorf, Kreis",6,1615,1,321,2,60,6,1615
31.12.2004,57.0,"  Detmold, Regierungsbezirk",50,14692,16,6418,7,837,27,7437
31.12.2004,5711.0,"    Bielefeld, krfr. Stadt",9,3409,2,885,1,13,6,2511
31.12.2004,5754.0,"    Gütersloh, Kreis",7,1820,3,942,1,13,4,878
31.12.2004,5758.0,"    Herford, Kreis",4,1346,1,683,1,13,3,663
31.12.2004,5762.0,"    Höxter, Kreis",6,1596,1,202,1,496,4,898
31.12.2004,5766.0,"    Lippe, Kreis",7,1781,4,1478,2,183,1,120
31.12.2004,5770.0,"    Minden-Lübbecke, Kreis",10,2799,4,2020,3,145,3,634
31.12.2004,5774.0,"    Paderborn, Kreis",7,1941,1,208,3,145,6,1733
31.12.2004,59.0,"  Arnsberg, Regierungsbezirk",114,29695,22,8075,15,1566,77,20054
31.12.2004,5911.0,"    Bochum, krfr. Stadt",10,3421,3,1272,1,171,6,1978
31.12.2004,5913.0,"    Dortmund, krfr. Stadt",12,4663,4,2738,1,35,7,1890
31.12.2004,5914.0,"    Hagen, krfr. Stadt",5,1803,4,2738,1,80,4,1723
31.12.2004,5915.0,"    Hamm, krfr. Stadt",7,2042,1,130,1,38,5,1874
31.12.2004,5916.0,"    Herne, krfr. Stadt",6,1691,1,130,1,38,6,1691
31.12.2004,5954.0,    Ennepe-Ruhr-Kreis,9,2378,1,130,1,405,8,1973
31.12.2004,5958.0,    Hochsauerlandkreis,17,2328,4,625,4,139,9,1564
31.12.2004,5962.0,    Märkischer Kreis,14,3438,4,1559,2,184,8,1695
31.12.2004,5966.0,"    Olpe, Kreis",3,869,4,1559,1,297,2,572
31.12.2004,5970.0,"    Siegen-Wittgenstein, Kreis",9,2272,1,609,2,210,6,1453
31.12.2004,5974.0,"    Soest, Kreis",12,2404,3,747,1,7,8,1650
31.12.2004,5978.0,"    Unna, Kreis",10,2386,2,395,1,7,8,1991
31.12.2003,5.0,Nordrhein-Westfalen,459,132834,90,41478,40,2328,329,89028
31.12.2003,51.0,"  Düsseldorf, Regierungsbezirk",127,39976,25,11726,8,360,94,27890
31.12.2003,5111.0,"    Düsseldorf, krfr. Stadt",16,5598,4,2547,2,173,10,2878
31.12.2003,5112.0,"    Duisburg, krfr. Stadt",11,4522,2,869,2,173,9,3653
31.12.2003,5113.0,"    Essen, krfr. Stadt",16,5992,3,1679,2,43,11,4270
31.12.2003,5114.0,"    Krefeld, krfr. Stadt",6,2179,2,1221,2,43,4,958
31.12.2003,5116.0,"    Mönchengladbach, krfr. Stadt",8,2292,2,279,1,30,5,1983
31.12.2003,5117.0,"    Mülheim an der Ruhr, krfr. Stadt",3,963,2,279,1,30,3,963
31.12.2003,5119.0,"    Oberhausen, krfr. Stadt",5,1674,2,279,1,30,5,1674
31.12.2003,5120.0,"    Remscheid, krfr. Stadt",4,1381,2,279,1,43,3,1338
31.12.2003,5122.0,"    Solingen, krfr. Stadt",4,1161,1,706,1,43,3,455
31.12.2003,5124.0,"    Wuppertal, krfr. Stadt",7,2231,1,1001,1,43,6,1230
31.12.2003,5154.0,"    Kleve, Kreis",7,1946,1,359,1,43,6,1587
31.12.2003,5158.0,"    Mettmann, Kreis",14,2849,2,919,1,48,11,1882
31.12.2003,5162.0,    Rhein-Kreis Neuss,9,2222,3,1301,1,23,5,898
31.12.2003,5166.0,"    Viersen, Kreis",9,1926,4,845,1,23,5,1081
31.12.2003,5170.0,"    Wesel, Kreis",8,3040,4,845,1,23,8,3040
31.12.2003,53.0,"  Köln, Regierungsbezirk",97,28537,18,11244,11,509,68,16784
31.12.2003,5313.0,"    Aachen, krfr. Stadt",6,2526,1,1457,1,27,4,1042
31.12.2003,5314.0,"    Bonn, krfr. Stadt",11,4454,2,1997,2,136,7,2321
31.12.2003,5315.0,"    Köln, krfr. Stadt",25,7768,5,3229,3,100,17,4439
31.12.2003,5316.0,"    Leverkusen, krfr. Stadt",3,1113,1,735,3,100,2,378
31.12.2003,5334.0,    Städteregion Aachen (einschl. Stadt Aachen),3,1113,1,735,3,100,2,378
31.12.2003,5354.0,"    Aachen, Kreis",5,1656,1,705,1,18,3,933
31.12.2003,5358.0,"    Düren, Kreis",7,2009,2,987,1,25,4,997
31.12.2003,5362.0,    Rhein-Erft-Kreis,9,1562,2,987,3,203,6,1359
31.12.2003,5366.0,"    Euskirchen, Kreis",4,1183,1,423,3,203,3,760
31.12.2003,5370.0,"    Heinsberg, Kreis",5,1425,1,215,3,203,4,1210
31.12.2003,5374.0,    Oberbergischer Kreis,7,1832,3,1116,3,203,4,716
31.12.2003,5378.0,    Rheinisch-Bergischer Kreis,5,1224,3,1116,3,203,5,1224
31.12.2003,5382.0,    Rhein-Sieg-Kreis,10,1785,1,380,3,203,9,1405
31.12.2003,55.0,"  Münster, Regierungsbezirk",70,19495,10,4003,2,57,58,15435
31.12.2003,5512.0,"    Bottrop, krfr. Stadt",3,835,1,348,2,57,2,487
31.12.2003,5513.0,"    Gelsenkirchen, krfr. Stadt",8,2363,2,418,2,57,6,1945
31.12.2003,5515.0,"    Münster, krfr. Stadt",9,3981,2,1750,2,57,7,2231
31.12.2003,5554.0,"    Borken, Kreis",11,2122,2,1750,2,57,9,2065
31.12.2003,5558.0,"    Coesfeld, Kreis",5,966,2,1750,2,57,5,966
31.12.2003,5562.0,"    Recklinghausen, Kreis",17,5125,4,1166,2,57,13,3959
31.12.2003,5566.0,"    Steinfurt, Kreis",11,2488,1,321,2,57,10,2167
31.12.2003,5570.0,"    Warendorf, Kreis",6,1615,1,321,2,57,6,1615
31.12.2003,57.0,"  Detmold, Regierungsbezirk",50,14887,15,6451,6,341,29,8095
31.12.2003,5711.0,"    Bielefeld, krfr. Stadt",9,3510,2,945,1,13,6,2552
31.12.2003,5754.0,"    Gütersloh, Kreis",7,1831,2,863,1,13,5,968
31.12.2003,5758.0,"    Herford, Kreis",4,1334,1,671,1,13,3,663
31.12.2003,5762.0,"    Höxter, Kreis",6,1596,1,202,1,13,5,1394
31.12.2003,5766.0,"    Lippe, Kreis",7,1861,4,1558,2,183,1,120
31.12.2003,5770.0,"    Minden-Lübbecke, Kreis",10,2814,4,2004,3,145,3,665
31.12.2003,5774.0,"    Paderborn, Kreis",7,1941,1,208,3,145,6,1733
31.12.2003,59.0,"  Arnsberg, Regierungsbezirk",115,29939,22,8054,13,1061,80,20824
31.12.2003,5911.0,"    Bochum, krfr. Stadt",10,3472,3,1272,13,1061,7,2200
31.12.2003,5913.0,"    Dortmund, krfr. Stadt",12,4677,4,2696,13,1061,8,1981
31.12.2003,5914.0,"    Hagen, krfr. Stadt",5,1833,4,2696,1,80,4,1753
31.12.2003,5915.0,"    Hamm, krfr. Stadt",7,2046,1,134,1,38,5,1874
31.12.2003,5916.0,"    Herne, krfr. Stadt",6,1712,1,134,1,38,6,1712
31.12.2003,5954.0,    Ennepe-Ruhr-Kreis,10,2522,1,134,1,104,9,2418
31.12.2003,5958.0,    Hochsauerlandkreis,17,2281,4,637,4,139,9,1505
31.12.2003,5962.0,    Märkischer Kreis,14,3443,4,1559,2,184,8,1700
31.12.2003,5966.0,"    Olpe, Kreis",3,873,4,1559,1,297,2,576
31.12.2003,5970.0,"    Siegen-Wittgenstein, Kreis",9,2283,1,614,2,212,6,1457
31.12.2003,5974.0,"    Soest, Kreis",12,2411,3,747,1,7,8,1657
31.12.2003,5978.0,"    Unna, Kreis",10,2386,2,395,1,7,8,1991
31.12.2002,5.0,Nordrhein-Westfalen,461,134071,90,41656,40,2337,331,90078
31.12.2002,51.0,"  Düsseldorf, Regierungsbezirk",129,40250,26,11918,8,359,95,27973
31.12.2002,5111.0,"    Düsseldorf, krfr. Stadt",16,5598,4,2547,2,173,10,2878
31.12.2002,5112.0,"    Duisburg, krfr. Stadt",13,4719,3,1020,2,173,10,3699
31.12.2002,5113.0,"    Essen, krfr. Stadt",16,6043,3,1728,2,42,11,4273
31.12.2002,5114.0,"    Krefeld, krfr. Stadt",6,2176,2,1213,2,42,4,963
31.12.2002,5116.0,"    Mönchengladbach, krfr. Stadt",8,2292,2,279,1,30,5,1983
31.12.2002,5117.0,"    Mülheim an der Ruhr, krfr. Stadt",3,960,2,279,1,30,3,960
31.12.2002,5119.0,"    Oberhausen, krfr. Stadt",5,1674,2,279,1,30,5,1674
31.12.2002,5120.0,"    Remscheid, krfr. Stadt",4,1420,2,279,1,43,3,1377
31.12.2002,5122.0,"    Solingen, krfr. Stadt",4,1179,1,706,1,43,3,473
31.12.2002,5124.0,"    Wuppertal, krfr. Stadt",7,2231,1,1001,1,43,6,1230
31.12.2002,5154.0,"    Kleve, Kreis",7,1946,1,359,1,43,6,1587
31.12.2002,5158.0,"    Mettmann, Kreis",14,2824,2,919,1,48,11,1857
31.12.2002,5162.0,    Rhein-Kreis Neuss,9,2222,3,1301,1,23,5,898
31.12.2002,5166.0,"    Viersen, Kreis",9,1926,4,845,1,23,5,1081
31.12.2002,5170.0,"    Wesel, Kreis",8,3040,4,845,1,23,8,3040
31.12.2002,53.0,"  Köln, Regierungsbezirk",97,28837,17,11019,11,519,69,17299
31.12.2002,5313.0,"    Aachen, krfr. Stadt",6,2529,1,1460,1,27,4,1042
31.12.2002,5314.0,"    Bonn, krfr. Stadt",11,4490,2,2033,2,136,7,2321
31.12.2002,5315.0,"    Köln, krfr. Stadt",25,7961,5,3388,3,113,17,4460
31.12.2002,5316.0,"    Leverkusen, krfr. Stadt",3,1113,1,735,3,113,2,378
31.12.2002,5334.0,    Städteregion Aachen (einschl. Stadt Aachen),3,1113,1,735,3,113,2,378
31.12.2002,5354.0,"    Aachen, Kreis",5,1713,1,705,1,20,3,988
31.12.2002,5358.0,"    Düren, Kreis",7,2051,2,987,1,20,4,1044
31.12.2002,5362.0,    Rhein-Erft-Kreis,9,1562,2,987,3,203,6,1359
31.12.2002,5366.0,"    Euskirchen, Kreis",4,1183,2,987,3,203,4,1183
31.12.2002,5370.0,"    Heinsberg, Kreis",5,1425,1,215,3,203,4,1210
31.12.2002,5374.0,    Oberbergischer Kreis,7,1829,3,1116,3,203,4,713
31.12.2002,5378.0,    Rheinisch-Bergischer Kreis,5,1194,3,1116,3,203,5,1194
31.12.2002,5382.0,    Rhein-Sieg-Kreis,10,1787,1,380,3,203,9,1407
31.12.2002,55.0,"  Münster, Regierungsbezirk",70,19671,10,4077,2,57,58,15537
31.12.2002,5512.0,"    Bottrop, krfr. Stadt",3,841,1,348,2,57,2,493
31.12.2002,5513.0,"    Gelsenkirchen, krfr. Stadt",8,2375,2,430,2,57,6,1945
31.12.2002,5515.0,"    Münster, krfr. Stadt",9,4011,2,1790,2,57,7,2221
31.12.2002,5554.0,"    Borken, Kreis",11,2114,2,1790,2,57,9,2057
31.12.2002,5558.0,"    Coesfeld, Kreis",5,966,2,1790,2,57,5,966
31.12.2002,5562.0,"    Recklinghausen, Kreis",17,5165,4,1188,2,57,13,3977
31.12.2002,5566.0,"    Steinfurt, Kreis",11,2515,1,321,2,57,10,2194
31.12.2002,5570.0,"    Warendorf, Kreis",6,1684,1,321,2,57,6,1684
31.12.2002,57.0,"  Detmold, Regierungsbezirk",49,14980,15,6518,6,341,28,8121
31.12.2002,5711.0,"    Bielefeld, krfr. Stadt",9,3554,2,968,1,13,6,2573
31.12.2002,5754.0,"    Gütersloh, Kreis",7,1854,3,976,1,13,4,878
31.12.2002,5758.0,"    Herford, Kreis",4,1334,1,671,1,13,3,663
31.12.2002,5762.0,"    Höxter, Kreis",6,1596,1,202,1,13,5,1394
31.12.2002,5766.0,"    Lippe, Kreis",6,1794,3,1491,2,183,1,120
31.12.2002,5770.0,"    Minden-Lübbecke, Kreis",10,2821,4,2002,3,145,3,674
31.12.2002,5774.0,"    Paderborn, Kreis",7,2027,1,208,3,145,6,1819
31.12.2002,59.0,"  Arnsberg, Regierungsbezirk",116,30333,22,8124,13,1061,81,21148
31.12.2002,5911.0,"    Bochum, krfr. Stadt",10,3547,3,1272,13,1061,7,2275
31.12.2002,5913.0,"    Dortmund, krfr. Stadt",12,4718,4,2735,13,1061,8,1983
31.12.2002,5914.0,"    Hagen, krfr. Stadt",5,1833,4,2735,1,80,4,1753
31.12.2002,5915.0,"    Hamm, krfr. Stadt",7,2102,1,139,1,38,5,1925
31.12.2002,5916.0,"    Herne, krfr. Stadt",6,1770,1,139,1,38,6,1770
31.12.2002,5954.0,    Ennepe-Ruhr-Kreis,10,2532,1,139,1,104,9,2428
31.12.2002,5958.0,    Hochsauerlandkreis,18,2407,4,655,4,139,10,1613
31.12.2002,5962.0,    Märkischer Kreis,14,3450,4,1565,2,184,8,1701
31.12.2002,5966.0,"    Olpe, Kreis",3,843,4,1565,1,297,2,546
31.12.2002,5970.0,"    Siegen-Wittgenstein, Kreis",9,2288,1,616,2,212,6,1460
31.12.2002,5974.0,"    Soest, Kreis",12,2457,3,747,1,7,8,1703
31.12.2002,5978.0,"    Unna, Kreis",10,2386,2,395,1,7,8,1991
__________,5978.0,"    Unna, Kreis",10,2386,2,395,1,7,8,1991
"© IT.NRW, Düsseldorf, 2023. Dieses Werk ist lizenziert unter der Datenlizenz Deutschland - Namensnennung - Version 2.0.",5978.0,"    Unna, Kreis",10,2386,2,395,1,7,8,1991
Stand: 22.11.2023 / 11:55:39,5978.0,"    Unna, Kreis",10,2386,2,395,1,7,8,1991
